# Blender 4.4.3
# www.blender.org
mtllib error.mtl
o Текст
v -0.762018 0.004923 -0.570000
v -0.762018 1.219895 -0.570000
v -0.862939 1.219895 -0.570000
v -0.862939 0.734238 -0.570000
v -0.997954 0.734238 -0.570000
v -1.013499 0.733484 -0.570000
v -1.028313 0.731222 -0.570000
v -1.042395 0.727452 -0.570000
v -1.055745 0.722174 -0.570000
v -1.068364 0.715389 -0.570000
v -1.080251 0.707096 -0.570000
v -1.091406 0.697294 -0.570000
v -1.101830 0.685985 -0.570000
v -1.111522 0.673168 -0.570000
v -1.120482 0.658843 -0.570000
v -1.128711 0.643010 -0.570000
v -1.136209 0.625669 -0.570000
v -1.143043 0.607275 -0.570000
v -1.149283 0.588283 -0.570000
v -1.154929 0.568691 -0.570000
v -1.159980 0.548502 -0.570000
v -1.164437 0.527714 -0.570000
v -1.168300 0.506327 -0.570000
v -1.171569 0.484341 -0.570000
v -1.174243 0.461758 -0.570000
v -1.176323 0.438575 -0.570000
v -1.177809 0.414794 -0.570000
v -1.178700 0.390415 -0.570000
v -1.178998 0.365437 -0.570000
v -1.178818 0.344976 -0.570000
v -1.178278 0.325034 -0.570000
v -1.177378 0.305610 -0.570000
v -1.176119 0.286704 -0.570000
v -1.174499 0.268315 -0.570000
v -1.172520 0.250445 -0.570000
v -1.170181 0.233093 -0.570000
v -1.167481 0.216259 -0.570000
v -1.164422 0.199942 -0.570000
v -1.161003 0.184144 -0.570000
v -1.157225 0.168863 -0.570000
v -1.153085 0.154101 -0.570000
v -1.148716 0.139986 -0.570000
v -1.144244 0.126648 -0.570000
v -1.139671 0.114087 -0.570000
v -1.134996 0.102303 -0.570000
v -1.130219 0.091296 -0.570000
v -1.125341 0.081066 -0.570000
v -1.120360 0.071613 -0.570000
v -1.115278 0.062937 -0.570000
v -1.110094 0.055038 -0.570000
v -1.104808 0.047915 -0.570000
v -1.099420 0.041570 -0.570000
v -1.093931 0.036002 -0.570000
v -1.088186 0.031038 -0.570000
v -1.082031 0.026506 -0.570000
v -1.075467 0.022405 -0.570000
v -1.068493 0.018736 -0.570000
v -1.061109 0.015499 -0.570000
v -1.053316 0.012693 -0.570000
v -1.045113 0.010319 -0.570000
v -1.036500 0.008376 -0.570000
v -1.027478 0.006866 -0.570000
v -1.018046 0.005787 -0.570000
v -1.008205 0.005139 -0.570000
v -0.997954 0.004923 -0.570000
v -0.862939 0.530361 -0.570000
v -0.862939 0.208800 -0.570000
v -0.961132 0.208800 -0.570000
v -0.968884 0.208877 -0.570000
v -0.976228 0.209110 -0.570000
v -0.983166 0.209499 -0.570000
v -0.989696 0.210043 -0.570000
v -0.995819 0.210742 -0.570000
v -1.001534 0.211597 -0.570000
v -1.006843 0.212607 -0.570000
v -1.011744 0.213772 -0.570000
v -1.016238 0.215093 -0.570000
v -1.020324 0.216569 -0.570000
v -1.024004 0.218201 -0.570000
v -1.027276 0.219988 -0.570000
v -1.030317 0.222051 -0.570000
v -1.033304 0.224512 -0.570000
v -1.036236 0.227369 -0.570000
v -1.039114 0.230624 -0.570000
v -1.041938 0.234276 -0.570000
v -1.044707 0.238324 -0.570000
v -1.047421 0.242770 -0.570000
v -1.050081 0.247614 -0.570000
v -1.052687 0.252854 -0.570000
v -1.055238 0.258491 -0.570000
v -1.057735 0.264526 -0.570000
v -1.060177 0.270957 -0.570000
v -1.062492 0.277714 -0.570000
v -1.064605 0.284724 -0.570000
v -1.066517 0.291987 -0.570000
v -1.068227 0.299504 -0.570000
v -1.069737 0.307273 -0.570000
v -1.071045 0.315296 -0.570000
v -1.072152 0.323572 -0.570000
v -1.073057 0.332102 -0.570000
v -1.073762 0.340884 -0.570000
v -1.074265 0.349920 -0.570000
v -1.074567 0.359209 -0.570000
v -1.074667 0.368752 -0.570000
v -1.074496 0.382392 -0.570000
v -1.073981 0.395410 -0.570000
v -1.073123 0.407807 -0.570000
v -1.071921 0.419583 -0.570000
v -1.070376 0.430736 -0.570000
v -1.068488 0.441269 -0.570000
v -1.066256 0.451179 -0.570000
v -1.063681 0.460468 -0.570000
v -1.060763 0.469136 -0.570000
v -1.057501 0.477182 -0.570000
v -1.053896 0.484606 -0.570000
v -1.049949 0.491409 -0.570000
v -1.045586 0.497631 -0.570000
v -1.040738 0.503311 -0.570000
v -1.035405 0.508451 -0.570000
v -1.029587 0.513049 -0.570000
v -1.023283 0.517107 -0.570000
v -1.016493 0.520623 -0.570000
v -1.009218 0.523599 -0.570000
v -1.001458 0.526033 -0.570000
v -0.993213 0.527927 -0.570000
v -0.984482 0.529279 -0.570000
v -0.975266 0.530091 -0.570000
v -0.965564 0.530361 -0.570000
v -0.546880 0.004923 -0.570000
v -0.445960 0.004923 -0.570000
v -0.445960 1.014361 -0.570000
v -0.297647 1.014361 -0.570000
v -0.297647 1.219895 -0.570000
v -0.694852 1.219895 -0.570000
v -0.694852 1.014361 -0.570000
v -0.546880 1.014361 -0.570000
v -0.231504 0.004923 -0.570000
v -0.130583 0.004923 -0.570000
v -0.130583 0.512128 -0.570000
v -0.110126 0.512128 -0.570000
v -0.102366 0.511886 -0.570000
v -0.094997 0.511161 -0.570000
v -0.088018 0.509953 -0.570000
v -0.081430 0.508261 -0.570000
v -0.075232 0.506085 -0.570000
v -0.069425 0.503426 -0.570000
v -0.064009 0.500284 -0.570000
v -0.058984 0.496658 -0.570000
v -0.054349 0.492549 -0.570000
v -0.050105 0.487956 -0.570000
v -0.046252 0.482880 -0.570000
v -0.042789 0.477320 -0.570000
v -0.039329 0.470557 -0.570000
v -0.035482 0.461873 -0.570000
v -0.031250 0.451266 -0.570000
v -0.026632 0.438736 -0.570000
v -0.021628 0.424285 -0.570000
v -0.016238 0.407911 -0.570000
v -0.010462 0.389615 -0.570000
v -0.004300 0.369396 -0.570000
v 0.002248 0.347255 -0.570000
v 0.009182 0.323192 -0.570000
v 0.016502 0.297207 -0.570000
v 0.024207 0.269300 -0.570000
v 0.097170 0.004923 -0.570000
v 0.217866 0.004923 -0.570000
v 0.156836 0.241950 -0.570000
v 0.150914 0.264848 -0.570000
v 0.145196 0.286577 -0.570000
v 0.139682 0.307138 -0.570000
v 0.134371 0.326531 -0.570000
v 0.129264 0.344755 -0.570000
v 0.124361 0.361811 -0.570000
v 0.119661 0.377698 -0.570000
v 0.115165 0.392417 -0.570000
v 0.110872 0.405968 -0.570000
v 0.106783 0.418351 -0.570000
v 0.102898 0.429565 -0.570000
v 0.099216 0.439611 -0.570000
v 0.095560 0.448989 -0.570000
v 0.091753 0.458201 -0.570000
v 0.087794 0.467245 -0.570000
v 0.083684 0.476123 -0.570000
v 0.079422 0.484834 -0.570000
v 0.075009 0.493377 -0.570000
v 0.070444 0.501754 -0.570000
v 0.065727 0.509964 -0.570000
v 0.060859 0.518007 -0.570000
v 0.055840 0.525883 -0.570000
v 0.050669 0.533593 -0.570000
v 0.045346 0.541135 -0.570000
v 0.056725 0.546007 -0.570000
v 0.067565 0.551782 -0.570000
v 0.077864 0.558461 -0.570000
v 0.087624 0.566044 -0.570000
v 0.096843 0.574530 -0.570000
v 0.105523 0.583920 -0.570000
v 0.113663 0.594213 -0.570000
v 0.121264 0.605410 -0.570000
v 0.128324 0.617511 -0.570000
v 0.134845 0.630515 -0.570000
v 0.140826 0.644423 -0.570000
v 0.146267 0.659234 -0.570000
v 0.151222 0.674748 -0.570000
v 0.155747 0.690762 -0.570000
v 0.159841 0.707277 -0.570000
v 0.163503 0.724292 -0.570000
v 0.166735 0.741809 -0.570000
v 0.169536 0.759826 -0.570000
v 0.171906 0.778344 -0.570000
v 0.173846 0.797362 -0.570000
v 0.175354 0.816881 -0.570000
v 0.176431 0.836901 -0.570000
v 0.177077 0.857422 -0.570000
v 0.177293 0.878443 -0.570000
v 0.177133 0.896776 -0.570000
v 0.176654 0.914759 -0.570000
v 0.175855 0.932390 -0.570000
v 0.174736 0.949671 -0.570000
v 0.173297 0.966600 -0.570000
v 0.171539 0.983178 -0.570000
v 0.169462 0.999405 -0.570000
v 0.167064 1.015281 -0.570000
v 0.164348 1.030806 -0.570000
v 0.161311 1.045980 -0.570000
v 0.157955 1.060803 -0.570000
v 0.154279 1.075275 -0.570000
v 0.150341 1.089180 -0.570000
v 0.146200 1.102302 -0.570000
v 0.141856 1.114641 -0.570000
v 0.137307 1.126198 -0.570000
v 0.132555 1.136972 -0.570000
v 0.127600 1.146963 -0.570000
v 0.122441 1.156172 -0.570000
v 0.117078 1.164598 -0.570000
v 0.111511 1.172241 -0.570000
v 0.105741 1.179101 -0.570000
v 0.099768 1.185179 -0.570000
v 0.093590 1.190474 -0.570000
v 0.087052 1.195173 -0.570000
v 0.079995 1.199463 -0.570000
v 0.072419 1.203345 -0.570000
v 0.064326 1.206819 -0.570000
v 0.055713 1.209883 -0.570000
v 0.046582 1.212539 -0.570000
v 0.036932 1.214787 -0.570000
v 0.026764 1.216626 -0.570000
v 0.016078 1.218056 -0.570000
v 0.004873 1.219078 -0.570000
v -0.006851 1.219690 -0.570000
v -0.019093 1.219895 -0.570000
v -0.231504 1.219895 -0.570000
v -0.130583 0.706060 -0.570000
v -0.130583 1.014361 -0.570000
v -0.051824 1.014361 -0.570000
v -0.042108 1.014315 -0.570000
v -0.032963 1.014176 -0.570000
v -0.024388 1.013946 -0.570000
v -0.016384 1.013624 -0.570000
v -0.008951 1.013210 -0.570000
v -0.002088 1.012703 -0.570000
v 0.004204 1.012105 -0.570000
v 0.009925 1.011414 -0.570000
v 0.015076 1.010631 -0.570000
v 0.019657 1.009756 -0.570000
v 0.023666 1.008790 -0.570000
v 0.027105 1.007730 -0.570000
v 0.030222 1.006407 -0.570000
v 0.033266 1.004646 -0.570000
v 0.036236 1.002447 -0.570000
v 0.039133 0.999811 -0.570000
v 0.041957 0.996738 -0.570000
v 0.044707 0.993227 -0.570000
v 0.047383 0.989279 -0.570000
v 0.049987 0.984893 -0.570000
v 0.052517 0.980070 -0.570000
v 0.054973 0.974810 -0.570000
v 0.057356 0.969112 -0.570000
v 0.059666 0.962977 -0.570000
v 0.061844 0.956462 -0.570000
v 0.063833 0.949625 -0.570000
v 0.065632 0.942465 -0.570000
v 0.067242 0.934983 -0.570000
v 0.068663 0.927179 -0.570000
v 0.069894 0.919053 -0.570000
v 0.070936 0.910604 -0.570000
v 0.071788 0.901833 -0.570000
v 0.072451 0.892739 -0.570000
v 0.072925 0.883324 -0.570000
v 0.073209 0.873585 -0.570000
v 0.073304 0.863525 -0.570000
v 0.073213 0.853071 -0.570000
v 0.072939 0.842979 -0.570000
v 0.072483 0.833249 -0.570000
v 0.071845 0.823883 -0.570000
v 0.071025 0.814878 -0.570000
v 0.070022 0.806237 -0.570000
v 0.068837 0.797958 -0.570000
v 0.067470 0.790041 -0.570000
v 0.065920 0.782487 -0.570000
v 0.064188 0.775296 -0.570000
v 0.062274 0.768467 -0.570000
v 0.060177 0.762001 -0.570000
v 0.057940 0.755915 -0.570000
v 0.055603 0.750226 -0.570000
v 0.053167 0.744934 -0.570000
v 0.050631 0.740039 -0.570000
v 0.047996 0.735541 -0.570000
v 0.045261 0.731441 -0.570000
v 0.042427 0.727737 -0.570000
v 0.039493 0.724431 -0.570000
v 0.036460 0.721521 -0.570000
v 0.033328 0.719009 -0.570000
v 0.030096 0.716894 -0.570000
v 0.026764 0.715176 -0.570000
v 0.023091 0.713720 -0.570000
v 0.018833 0.712390 -0.570000
v 0.013990 0.711188 -0.570000
v 0.008562 0.710111 -0.570000
v 0.002549 0.709162 -0.570000
v -0.004049 0.708339 -0.570000
v -0.011231 0.707642 -0.570000
v -0.018998 0.707072 -0.570000
v -0.027350 0.706629 -0.570000
v -0.036287 0.706313 -0.570000
v -0.045809 0.706123 -0.570000
v -0.055915 0.706060 -0.570000
v 0.622571 0.526217 -0.570000
v 0.622571 1.219895 -0.570000
v 0.272417 1.219895 -0.570000
v 0.272417 0.004923 -0.570000
v 0.373338 0.004923 -0.570000
v 0.373338 1.014361 -0.570000
v 0.523696 1.014361 -0.570000
v 0.523696 0.495553 -0.570000
v 0.523738 0.459332 -0.570000
v 0.523866 0.424981 -0.570000
v 0.524079 0.392501 -0.570000
v 0.524378 0.361891 -0.570000
v 0.524761 0.333152 -0.570000
v 0.525230 0.306283 -0.570000
v 0.525784 0.281285 -0.570000
v 0.526423 0.258157 -0.570000
v 0.527148 0.236900 -0.570000
v 0.527958 0.217513 -0.570000
v 0.528853 0.199997 -0.570000
v 0.529833 0.184351 -0.570000
v 0.530978 0.169911 -0.570000
v 0.532366 0.156012 -0.570000
v 0.533999 0.142654 -0.570000
v 0.535875 0.129837 -0.570000
v 0.537996 0.117561 -0.570000
v 0.540360 0.105825 -0.570000
v 0.542968 0.094631 -0.570000
v 0.545820 0.083978 -0.570000
v 0.548915 0.073866 -0.570000
v 0.552255 0.064295 -0.570000
v 0.555838 0.055265 -0.570000
v 0.559666 0.046776 -0.570000
v 0.563801 0.038900 -0.570000
v 0.568308 0.031708 -0.570000
v 0.573187 0.025202 -0.570000
v 0.578437 0.019381 -0.570000
v 0.584059 0.014244 -0.570000
v 0.590053 0.009792 -0.570000
v 0.596418 0.006025 -0.570000
v 0.603156 0.002943 -0.570000
v 0.610265 0.000546 -0.570000
v 0.617745 -0.001166 -0.570000
v 0.625598 -0.002193 -0.570000
v 0.633822 -0.002536 -0.570000
v 0.636978 -0.002478 -0.570000
v 0.640537 -0.002306 -0.570000
v 0.644498 -0.002018 -0.570000
v 0.648862 -0.001615 -0.570000
v 0.653628 -0.001097 -0.570000
v 0.658796 -0.000464 -0.570000
v 0.664368 0.000284 -0.570000
v 0.670341 0.001148 -0.570000
v 0.676718 0.002126 -0.570000
v 0.683496 0.003220 -0.570000
v 0.690677 0.004428 -0.570000
v 0.698261 0.005752 -0.570000
v 0.698261 0.195539 -0.570000
v 0.675759 0.194711 -0.570000
v 0.670618 0.194854 -0.570000
v 0.665767 0.195286 -0.570000
v 0.661204 0.196006 -0.570000
v 0.656931 0.197013 -0.570000
v 0.652946 0.198308 -0.570000
v 0.649250 0.199890 -0.570000
v 0.645843 0.201761 -0.570000
v 0.642725 0.203919 -0.570000
v 0.639895 0.206365 -0.570000
v 0.637355 0.209099 -0.570000
v 0.635103 0.212120 -0.570000
v 0.633140 0.215430 -0.570000
v 0.631397 0.219303 -0.570000
v 0.629806 0.224017 -0.570000
v 0.628367 0.229571 -0.570000
v 0.627079 0.235965 -0.570000
v 0.625942 0.243199 -0.570000
v 0.624957 0.251274 -0.570000
v 0.624124 0.260189 -0.570000
v 0.623442 0.269944 -0.570000
v 0.622912 0.280540 -0.570000
v 0.622533 0.291976 -0.570000
v 0.622306 0.304252 -0.570000
v 0.622230 0.317368 -0.570000
v 1.158200 0.004923 -0.570000
v 1.158200 1.219895 -0.570000
v 0.784521 1.219895 -0.570000
v 0.784521 1.016018 -0.570000
v 1.057279 1.016018 -0.570000
v 1.057279 0.734238 -0.570000
v 0.922264 0.734238 -0.570000
v 0.913077 0.734007 -0.570000
v 0.904156 0.733317 -0.570000
v 0.895500 0.732166 -0.570000
v 0.887108 0.730554 -0.570000
v 0.878983 0.728482 -0.570000
v 0.871122 0.725950 -0.570000
v 0.863526 0.722957 -0.570000
v 0.856196 0.719504 -0.570000
v 0.849131 0.715590 -0.570000
v 0.842331 0.711216 -0.570000
v 0.835796 0.706382 -0.570000
v 0.829526 0.701087 -0.570000
v 0.823464 0.695170 -0.570000
v 0.817550 0.688471 -0.570000
v 0.811786 0.680989 -0.570000
v 0.806171 0.672725 -0.570000
v 0.800705 0.663677 -0.570000
v 0.795389 0.653847 -0.570000
v 0.790221 0.643234 -0.570000
v 0.785203 0.631839 -0.570000
v 0.780334 0.619661 -0.570000
v 0.775614 0.606700 -0.570000
v 0.771043 0.592956 -0.570000
v 0.766621 0.578430 -0.570000
v 0.762455 0.563299 -0.570000
v 0.758652 0.547742 -0.570000
v 0.755210 0.531760 -0.570000
v 0.752131 0.515351 -0.570000
v 0.749414 0.498517 -0.570000
v 0.747059 0.481257 -0.570000
v 0.745067 0.463571 -0.570000
v 0.743437 0.445459 -0.570000
v 0.742169 0.426921 -0.570000
v 0.741263 0.407957 -0.570000
v 0.740720 0.388567 -0.570000
v 0.740539 0.368752 -0.570000
v 0.740721 0.348418 -0.570000
v 0.741268 0.328579 -0.570000
v 0.742180 0.309236 -0.570000
v 0.743456 0.290387 -0.570000
v 0.745097 0.272033 -0.570000
v 0.747102 0.254175 -0.570000
v 0.749472 0.236811 -0.570000
v 0.752207 0.219942 -0.570000
v 0.755306 0.203568 -0.570000
v 0.758770 0.187689 -0.570000
v 0.762599 0.172305 -0.570000
v 0.766792 0.157416 -0.570000
v 0.771218 0.143160 -0.570000
v 0.775746 0.129675 -0.570000
v 0.780376 0.116962 -0.570000
v 0.785108 0.105020 -0.570000
v 0.789942 0.093849 -0.570000
v 0.794877 0.083449 -0.570000
v 0.799915 0.073820 -0.570000
v 0.805054 0.064963 -0.570000
v 0.810295 0.056876 -0.570000
v 0.815637 0.049561 -0.570000
v 0.821082 0.043018 -0.570000
v 0.826628 0.037245 -0.570000
v 0.832423 0.032082 -0.570000
v 0.838613 0.027369 -0.570000
v 0.845199 0.023104 -0.570000
v 0.852180 0.019288 -0.570000
v 0.859557 0.015922 -0.570000
v 0.867329 0.013004 -0.570000
v 0.875496 0.010535 -0.570000
v 0.884059 0.008514 -0.570000
v 0.893017 0.006943 -0.570000
v 0.902371 0.005821 -0.570000
v 0.912120 0.005148 -0.570000
v 0.922264 0.004923 -0.570000
v 1.057279 0.530361 -0.570000
v 1.057279 0.208800 -0.570000
v 0.959086 0.208800 -0.570000
v 0.951439 0.208877 -0.570000
v 0.944179 0.209110 -0.570000
v 0.937308 0.209499 -0.570000
v 0.930826 0.210043 -0.570000
v 0.924731 0.210742 -0.570000
v 0.919025 0.211597 -0.570000
v 0.913707 0.212607 -0.570000
v 0.908778 0.213772 -0.570000
v 0.904236 0.215093 -0.570000
v 0.900083 0.216569 -0.570000
v 0.896319 0.218201 -0.570000
v 0.892942 0.219988 -0.570000
v 0.889795 0.222051 -0.570000
v 0.886715 0.224512 -0.570000
v 0.883705 0.227369 -0.570000
v 0.880763 0.230624 -0.570000
v 0.877890 0.234276 -0.570000
v 0.875085 0.238324 -0.570000
v 0.872349 0.242770 -0.570000
v 0.869682 0.247614 -0.570000
v 0.867084 0.252854 -0.570000
v 0.864554 0.258491 -0.570000
v 0.862093 0.264526 -0.570000
v 0.859700 0.270957 -0.570000
v 0.857440 0.277714 -0.570000
v 0.855377 0.284724 -0.570000
v 0.853510 0.291987 -0.570000
v 0.851839 0.299504 -0.570000
v 0.850365 0.307273 -0.570000
v 0.849088 0.315296 -0.570000
v 0.848007 0.323572 -0.570000
v 0.847123 0.332102 -0.570000
v 0.846435 0.340884 -0.570000
v 0.845944 0.349920 -0.570000
v 0.845649 0.359209 -0.570000
v 0.845551 0.368752 -0.570000
v 0.845722 0.382521 -0.570000
v 0.846237 0.395652 -0.570000
v 0.847096 0.408144 -0.570000
v 0.848297 0.419997 -0.570000
v 0.849842 0.431211 -0.570000
v 0.851730 0.441787 -0.570000
v 0.853962 0.451723 -0.570000
v 0.856537 0.461021 -0.570000
v 0.859455 0.469680 -0.570000
v 0.862716 0.477700 -0.570000
v 0.866321 0.485081 -0.570000
v 0.870269 0.491823 -0.570000
v 0.874632 0.497979 -0.570000
v 0.879480 0.503599 -0.570000
v 0.884813 0.508684 -0.570000
v 0.890631 0.513233 -0.570000
v 0.896935 0.517248 -0.570000
v 0.903725 0.520727 -0.570000
v 0.911000 0.523670 -0.570000
v 0.918760 0.526079 -0.570000
v 0.927005 0.527952 -0.570000
v 0.935736 0.529291 -0.570000
v 0.944952 0.530093 -0.570000
v 0.954654 0.530361 -0.570000
v -0.762018 0.004923 0.570000
v -0.762018 1.219895 0.570000
v -0.862939 1.219895 0.570000
v -0.862939 0.734237 0.570000
v -0.997954 0.734237 0.570000
v -1.013499 0.733484 0.570000
v -1.028313 0.731222 0.570000
v -1.042395 0.727452 0.570000
v -1.055745 0.722174 0.570000
v -1.068364 0.715389 0.570000
v -1.080251 0.707095 0.570000
v -1.091406 0.697294 0.570000
v -1.101830 0.685985 0.570000
v -1.111522 0.673168 0.570000
v -1.120482 0.658843 0.570000
v -1.128711 0.643010 0.570000
v -1.136209 0.625669 0.570000
v -1.143043 0.607275 0.570000
v -1.149283 0.588283 0.570000
v -1.154929 0.568691 0.570000
v -1.159980 0.548502 0.570000
v -1.164437 0.527714 0.570000
v -1.168300 0.506327 0.570000
v -1.171569 0.484341 0.570000
v -1.174243 0.461757 0.570000
v -1.176323 0.438575 0.570000
v -1.177809 0.414794 0.570000
v -1.178700 0.390415 0.570000
v -1.178998 0.365436 0.570000
v -1.178818 0.344976 0.570000
v -1.178278 0.325034 0.570000
v -1.177378 0.305610 0.570000
v -1.176119 0.286704 0.570000
v -1.174499 0.268315 0.570000
v -1.172520 0.250445 0.570000
v -1.170181 0.233093 0.570000
v -1.167481 0.216258 0.570000
v -1.164422 0.199942 0.570000
v -1.161003 0.184144 0.570000
v -1.157225 0.168863 0.570000
v -1.153085 0.154101 0.570000
v -1.148716 0.139986 0.570000
v -1.144244 0.126648 0.570000
v -1.139671 0.114087 0.570000
v -1.134996 0.102303 0.570000
v -1.130219 0.091296 0.570000
v -1.125341 0.081066 0.570000
v -1.120360 0.071613 0.570000
v -1.115278 0.062937 0.570000
v -1.110094 0.055037 0.570000
v -1.104808 0.047915 0.570000
v -1.099420 0.041570 0.570000
v -1.093931 0.036002 0.570000
v -1.088186 0.031038 0.570000
v -1.082031 0.026506 0.570000
v -1.075467 0.022405 0.570000
v -1.068493 0.018736 0.570000
v -1.061109 0.015499 0.570000
v -1.053316 0.012693 0.570000
v -1.045113 0.010319 0.570000
v -1.036500 0.008376 0.570000
v -1.027478 0.006866 0.570000
v -1.018046 0.005786 0.570000
v -1.008205 0.005139 0.570000
v -0.997954 0.004923 0.570000
v -0.862939 0.530361 0.570000
v -0.862939 0.208800 0.570000
v -0.961132 0.208800 0.570000
v -0.968884 0.208877 0.570000
v -0.976228 0.209110 0.570000
v -0.983166 0.209499 0.570000
v -0.989696 0.210043 0.570000
v -0.995819 0.210742 0.570000
v -1.001534 0.211597 0.570000
v -1.006843 0.212607 0.570000
v -1.011744 0.213772 0.570000
v -1.016238 0.215093 0.570000
v -1.020324 0.216569 0.570000
v -1.024004 0.218201 0.570000
v -1.027276 0.219988 0.570000
v -1.030317 0.222051 0.570000
v -1.033304 0.224512 0.570000
v -1.036236 0.227369 0.570000
v -1.039114 0.230624 0.570000
v -1.041938 0.234276 0.570000
v -1.044707 0.238324 0.570000
v -1.047421 0.242770 0.570000
v -1.050081 0.247613 0.570000
v -1.052687 0.252854 0.570000
v -1.055238 0.258491 0.570000
v -1.057735 0.264526 0.570000
v -1.060177 0.270957 0.570000
v -1.062492 0.277714 0.570000
v -1.064605 0.284724 0.570000
v -1.066517 0.291987 0.570000
v -1.068227 0.299504 0.570000
v -1.069737 0.307273 0.570000
v -1.071045 0.315296 0.570000
v -1.072152 0.323572 0.570000
v -1.073057 0.332102 0.570000
v -1.073762 0.340884 0.570000
v -1.074265 0.349920 0.570000
v -1.074567 0.359209 0.570000
v -1.074667 0.368752 0.570000
v -1.074496 0.382392 0.570000
v -1.073981 0.395410 0.570000
v -1.073123 0.407807 0.570000
v -1.071921 0.419583 0.570000
v -1.070376 0.430736 0.570000
v -1.068488 0.441269 0.570000
v -1.066256 0.451179 0.570000
v -1.063681 0.460468 0.570000
v -1.060763 0.469136 0.570000
v -1.057501 0.477182 0.570000
v -1.053896 0.484606 0.570000
v -1.049949 0.491409 0.570000
v -1.045586 0.497630 0.570000
v -1.040738 0.503311 0.570000
v -1.035405 0.508450 0.570000
v -1.029587 0.513049 0.570000
v -1.023283 0.517106 0.570000
v -1.016493 0.520623 0.570000
v -1.009218 0.523598 0.570000
v -1.001458 0.526033 0.570000
v -0.993213 0.527926 0.570000
v -0.984482 0.529279 0.570000
v -0.975266 0.530090 0.570000
v -0.965564 0.530361 0.570000
v -0.546880 0.004923 0.570000
v -0.445960 0.004923 0.570000
v -0.445960 1.014361 0.570000
v -0.297647 1.014361 0.570000
v -0.297647 1.219895 0.570000
v -0.694852 1.219895 0.570000
v -0.694852 1.014361 0.570000
v -0.546880 1.014361 0.570000
v -0.231504 0.004923 0.570000
v -0.130583 0.004923 0.570000
v -0.130583 0.512128 0.570000
v -0.110126 0.512128 0.570000
v -0.102366 0.511886 0.570000
v -0.094997 0.511161 0.570000
v -0.088018 0.509953 0.570000
v -0.081430 0.508261 0.570000
v -0.075232 0.506085 0.570000
v -0.069425 0.503426 0.570000
v -0.064009 0.500284 0.570000
v -0.058984 0.496658 0.570000
v -0.054349 0.492548 0.570000
v -0.050105 0.487956 0.570000
v -0.046252 0.482880 0.570000
v -0.042789 0.477320 0.570000
v -0.039329 0.470557 0.570000
v -0.035482 0.461873 0.570000
v -0.031250 0.451266 0.570000
v -0.026632 0.438736 0.570000
v -0.021628 0.424285 0.570000
v -0.016238 0.407911 0.570000
v -0.010462 0.389615 0.570000
v -0.004300 0.369396 0.570000
v 0.002248 0.347255 0.570000
v 0.009182 0.323192 0.570000
v 0.016502 0.297207 0.570000
v 0.024207 0.269300 0.570000
v 0.097170 0.004923 0.570000
v 0.217866 0.004923 0.570000
v 0.156836 0.241950 0.570000
v 0.150914 0.264848 0.570000
v 0.145196 0.286577 0.570000
v 0.139682 0.307138 0.570000
v 0.134371 0.326530 0.570000
v 0.129264 0.344755 0.570000
v 0.124361 0.361811 0.570000
v 0.119661 0.377698 0.570000
v 0.115165 0.392417 0.570000
v 0.110872 0.405968 0.570000
v 0.106783 0.418351 0.570000
v 0.102898 0.429565 0.570000
v 0.099216 0.439611 0.570000
v 0.095560 0.448989 0.570000
v 0.091753 0.458201 0.570000
v 0.087794 0.467245 0.570000
v 0.083684 0.476123 0.570000
v 0.079422 0.484833 0.570000
v 0.075009 0.493377 0.570000
v 0.070444 0.501754 0.570000
v 0.065727 0.509964 0.570000
v 0.060859 0.518007 0.570000
v 0.055840 0.525883 0.570000
v 0.050669 0.533593 0.570000
v 0.045346 0.541135 0.570000
v 0.056725 0.546007 0.570000
v 0.067565 0.551782 0.570000
v 0.077864 0.558461 0.570000
v 0.087624 0.566044 0.570000
v 0.096843 0.574530 0.570000
v 0.105523 0.583920 0.570000
v 0.113663 0.594213 0.570000
v 0.121264 0.605410 0.570000
v 0.128324 0.617511 0.570000
v 0.134845 0.630515 0.570000
v 0.140826 0.644423 0.570000
v 0.146267 0.659234 0.570000
v 0.151222 0.674748 0.570000
v 0.155747 0.690762 0.570000
v 0.159841 0.707277 0.570000
v 0.163503 0.724292 0.570000
v 0.166735 0.741809 0.570000
v 0.169536 0.759826 0.570000
v 0.171906 0.778343 0.570000
v 0.173846 0.797362 0.570000
v 0.175354 0.816881 0.570000
v 0.176431 0.836901 0.570000
v 0.177077 0.857422 0.570000
v 0.177293 0.878443 0.570000
v 0.177133 0.896776 0.570000
v 0.176654 0.914759 0.570000
v 0.175855 0.932390 0.570000
v 0.174736 0.949671 0.570000
v 0.173297 0.966600 0.570000
v 0.171539 0.983178 0.570000
v 0.169462 0.999405 0.570000
v 0.167064 1.015281 0.570000
v 0.164348 1.030806 0.570000
v 0.161311 1.045980 0.570000
v 0.157955 1.060803 0.570000
v 0.154279 1.075275 0.570000
v 0.150341 1.089180 0.570000
v 0.146200 1.102302 0.570000
v 0.141856 1.114641 0.570000
v 0.137307 1.126198 0.570000
v 0.132555 1.136972 0.570000
v 0.127600 1.146963 0.570000
v 0.122441 1.156172 0.570000
v 0.117078 1.164598 0.570000
v 0.111511 1.172241 0.570000
v 0.105741 1.179101 0.570000
v 0.099768 1.185179 0.570000
v 0.093590 1.190473 0.570000
v 0.087052 1.195173 0.570000
v 0.079995 1.199463 0.570000
v 0.072419 1.203345 0.570000
v 0.064326 1.206819 0.570000
v 0.055713 1.209883 0.570000
v 0.046582 1.212539 0.570000
v 0.036932 1.214787 0.570000
v 0.026764 1.216626 0.570000
v 0.016078 1.218056 0.570000
v 0.004873 1.219077 0.570000
v -0.006851 1.219690 0.570000
v -0.019093 1.219895 0.570000
v -0.231504 1.219895 0.570000
v -0.130583 0.706059 0.570000
v -0.130583 1.014361 0.570000
v -0.051824 1.014361 0.570000
v -0.042108 1.014315 0.570000
v -0.032963 1.014176 0.570000
v -0.024388 1.013946 0.570000
v -0.016384 1.013624 0.570000
v -0.008951 1.013210 0.570000
v -0.002088 1.012703 0.570000
v 0.004204 1.012105 0.570000
v 0.009925 1.011414 0.570000
v 0.015076 1.010631 0.570000
v 0.019657 1.009756 0.570000
v 0.023666 1.008789 0.570000
v 0.027105 1.007730 0.570000
v 0.030222 1.006407 0.570000
v 0.033266 1.004646 0.570000
v 0.036236 1.002447 0.570000
v 0.039133 0.999811 0.570000
v 0.041957 0.996738 0.570000
v 0.044707 0.993227 0.570000
v 0.047383 0.989279 0.570000
v 0.049987 0.984893 0.570000
v 0.052517 0.980070 0.570000
v 0.054973 0.974810 0.570000
v 0.057356 0.969112 0.570000
v 0.059666 0.962977 0.570000
v 0.061844 0.956462 0.570000
v 0.063833 0.949625 0.570000
v 0.065632 0.942465 0.570000
v 0.067242 0.934983 0.570000
v 0.068663 0.927179 0.570000
v 0.069894 0.919052 0.570000
v 0.070936 0.910604 0.570000
v 0.071788 0.901833 0.570000
v 0.072451 0.892739 0.570000
v 0.072925 0.883323 0.570000
v 0.073209 0.873585 0.570000
v 0.073304 0.863525 0.570000
v 0.073213 0.853071 0.570000
v 0.072939 0.842979 0.570000
v 0.072483 0.833249 0.570000
v 0.071845 0.823882 0.570000
v 0.071025 0.814878 0.570000
v 0.070022 0.806237 0.570000
v 0.068837 0.797958 0.570000
v 0.067470 0.790041 0.570000
v 0.065920 0.782487 0.570000
v 0.064188 0.775296 0.570000
v 0.062274 0.768467 0.570000
v 0.060177 0.762001 0.570000
v 0.057940 0.755915 0.570000
v 0.055603 0.750226 0.570000
v 0.053167 0.744934 0.570000
v 0.050631 0.740039 0.570000
v 0.047996 0.735541 0.570000
v 0.045261 0.731440 0.570000
v 0.042427 0.727737 0.570000
v 0.039493 0.724430 0.570000
v 0.036460 0.721521 0.570000
v 0.033328 0.719009 0.570000
v 0.030096 0.716894 0.570000
v 0.026764 0.715176 0.570000
v 0.023091 0.713720 0.570000
v 0.018833 0.712390 0.570000
v 0.013990 0.711187 0.570000
v 0.008562 0.710111 0.570000
v 0.002549 0.709162 0.570000
v -0.004049 0.708339 0.570000
v -0.011231 0.707642 0.570000
v -0.018998 0.707072 0.570000
v -0.027350 0.706629 0.570000
v -0.036287 0.706313 0.570000
v -0.045809 0.706123 0.570000
v -0.055915 0.706059 0.570000
v 0.622571 0.526217 0.570000
v 0.622571 1.219895 0.570000
v 0.272417 1.219895 0.570000
v 0.272417 0.004923 0.570000
v 0.373338 0.004923 0.570000
v 0.373338 1.014361 0.570000
v 0.523696 1.014361 0.570000
v 0.523696 0.495553 0.570000
v 0.523738 0.459332 0.570000
v 0.523866 0.424981 0.570000
v 0.524079 0.392501 0.570000
v 0.524378 0.361891 0.570000
v 0.524761 0.333152 0.570000
v 0.525230 0.306283 0.570000
v 0.525784 0.281285 0.570000
v 0.526423 0.258157 0.570000
v 0.527148 0.236900 0.570000
v 0.527958 0.217513 0.570000
v 0.528853 0.199997 0.570000
v 0.529833 0.184351 0.570000
v 0.530978 0.169911 0.570000
v 0.532366 0.156012 0.570000
v 0.533999 0.142654 0.570000
v 0.535875 0.129837 0.570000
v 0.537996 0.117560 0.570000
v 0.540360 0.105825 0.570000
v 0.542968 0.094631 0.570000
v 0.545820 0.083978 0.570000
v 0.548915 0.073866 0.570000
v 0.552255 0.064295 0.570000
v 0.555838 0.055265 0.570000
v 0.559666 0.046776 0.570000
v 0.563801 0.038900 0.570000
v 0.568308 0.031708 0.570000
v 0.573187 0.025202 0.570000
v 0.578437 0.019380 0.570000
v 0.584059 0.014244 0.570000
v 0.590053 0.009792 0.570000
v 0.596418 0.006025 0.570000
v 0.603156 0.002943 0.570000
v 0.610265 0.000546 0.570000
v 0.617745 -0.001166 0.570000
v 0.625598 -0.002194 0.570000
v 0.633822 -0.002536 0.570000
v 0.636978 -0.002478 0.570000
v 0.640537 -0.002306 0.570000
v 0.644498 -0.002018 0.570000
v 0.648862 -0.001615 0.570000
v 0.653628 -0.001097 0.570000
v 0.658796 -0.000464 0.570000
v 0.664368 0.000284 0.570000
v 0.670341 0.001148 0.570000
v 0.676718 0.002126 0.570000
v 0.683496 0.003219 0.570000
v 0.690677 0.004428 0.570000
v 0.698261 0.005752 0.570000
v 0.698261 0.195539 0.570000
v 0.675759 0.194711 0.570000
v 0.670618 0.194854 0.570000
v 0.665767 0.195286 0.570000
v 0.661204 0.196006 0.570000
v 0.656931 0.197013 0.570000
v 0.652946 0.198308 0.570000
v 0.649250 0.199890 0.570000
v 0.645843 0.201761 0.570000
v 0.642725 0.203919 0.570000
v 0.639895 0.206365 0.570000
v 0.637355 0.209099 0.570000
v 0.635103 0.212120 0.570000
v 0.633140 0.215430 0.570000
v 0.631397 0.219303 0.570000
v 0.629806 0.224017 0.570000
v 0.628367 0.229571 0.570000
v 0.627079 0.235965 0.570000
v 0.625942 0.243199 0.570000
v 0.624957 0.251274 0.570000
v 0.624124 0.260189 0.570000
v 0.623442 0.269944 0.570000
v 0.622912 0.280540 0.570000
v 0.622533 0.291975 0.570000
v 0.622306 0.304252 0.570000
v 0.622230 0.317368 0.570000
v 1.158200 0.004923 0.570000
v 1.158200 1.219895 0.570000
v 0.784521 1.219895 0.570000
v 0.784521 1.016018 0.570000
v 1.057279 1.016018 0.570000
v 1.057279 0.734237 0.570000
v 0.922264 0.734237 0.570000
v 0.913077 0.734007 0.570000
v 0.904156 0.733317 0.570000
v 0.895500 0.732166 0.570000
v 0.887108 0.730554 0.570000
v 0.878983 0.728482 0.570000
v 0.871122 0.725950 0.570000
v 0.863526 0.722957 0.570000
v 0.856196 0.719504 0.570000
v 0.849131 0.715590 0.570000
v 0.842331 0.711216 0.570000
v 0.835796 0.706382 0.570000
v 0.829526 0.701087 0.570000
v 0.823464 0.695170 0.570000
v 0.817550 0.688471 0.570000
v 0.811786 0.680989 0.570000
v 0.806171 0.672725 0.570000
v 0.800705 0.663677 0.570000
v 0.795389 0.653847 0.570000
v 0.790221 0.643234 0.570000
v 0.785203 0.631839 0.570000
v 0.780334 0.619661 0.570000
v 0.775614 0.606700 0.570000
v 0.771043 0.592956 0.570000
v 0.766621 0.578429 0.570000
v 0.762455 0.563299 0.570000
v 0.758652 0.547742 0.570000
v 0.755210 0.531760 0.570000
v 0.752131 0.515351 0.570000
v 0.749414 0.498517 0.570000
v 0.747059 0.481257 0.570000
v 0.745067 0.463570 0.570000
v 0.743437 0.445458 0.570000
v 0.742169 0.426921 0.570000
v 0.741263 0.407957 0.570000
v 0.740720 0.388567 0.570000
v 0.740539 0.368752 0.570000
v 0.740721 0.348418 0.570000
v 0.741268 0.328579 0.570000
v 0.742180 0.309236 0.570000
v 0.743456 0.290387 0.570000
v 0.745097 0.272033 0.570000
v 0.747102 0.254175 0.570000
v 0.749472 0.236811 0.570000
v 0.752207 0.219942 0.570000
v 0.755306 0.203568 0.570000
v 0.758770 0.187689 0.570000
v 0.762599 0.172305 0.570000
v 0.766792 0.157416 0.570000
v 0.771218 0.143160 0.570000
v 0.775746 0.129675 0.570000
v 0.780376 0.116962 0.570000
v 0.785108 0.105020 0.570000
v 0.789942 0.093849 0.570000
v 0.794877 0.083449 0.570000
v 0.799915 0.073820 0.570000
v 0.805054 0.064963 0.570000
v 0.810295 0.056876 0.570000
v 0.815637 0.049561 0.570000
v 0.821082 0.043018 0.570000
v 0.826628 0.037245 0.570000
v 0.832423 0.032082 0.570000
v 0.838613 0.027369 0.570000
v 0.845199 0.023104 0.570000
v 0.852180 0.019288 0.570000
v 0.859557 0.015921 0.570000
v 0.867329 0.013003 0.570000
v 0.875496 0.010534 0.570000
v 0.884059 0.008514 0.570000
v 0.893017 0.006943 0.570000
v 0.902371 0.005821 0.570000
v 0.912120 0.005147 0.570000
v 0.922264 0.004923 0.570000
v 1.057279 0.530361 0.570000
v 1.057279 0.208800 0.570000
v 0.959086 0.208800 0.570000
v 0.951439 0.208877 0.570000
v 0.944179 0.209110 0.570000
v 0.937308 0.209499 0.570000
v 0.930826 0.210043 0.570000
v 0.924731 0.210742 0.570000
v 0.919025 0.211597 0.570000
v 0.913707 0.212607 0.570000
v 0.908778 0.213772 0.570000
v 0.904236 0.215093 0.570000
v 0.900083 0.216569 0.570000
v 0.896319 0.218201 0.570000
v 0.892942 0.219988 0.570000
v 0.889795 0.222051 0.570000
v 0.886715 0.224512 0.570000
v 0.883705 0.227369 0.570000
v 0.880763 0.230624 0.570000
v 0.877890 0.234276 0.570000
v 0.875085 0.238324 0.570000
v 0.872349 0.242770 0.570000
v 0.869682 0.247613 0.570000
v 0.867084 0.252854 0.570000
v 0.864554 0.258491 0.570000
v 0.862093 0.264526 0.570000
v 0.859700 0.270957 0.570000
v 0.857440 0.277714 0.570000
v 0.855377 0.284724 0.570000
v 0.853510 0.291987 0.570000
v 0.851839 0.299504 0.570000
v 0.850365 0.307273 0.570000
v 0.849088 0.315296 0.570000
v 0.848007 0.323572 0.570000
v 0.847123 0.332102 0.570000
v 0.846435 0.340884 0.570000
v 0.845944 0.349920 0.570000
v 0.845649 0.359209 0.570000
v 0.845551 0.368752 0.570000
v 0.845722 0.382521 0.570000
v 0.846237 0.395652 0.570000
v 0.847096 0.408144 0.570000
v 0.848297 0.419997 0.570000
v 0.849842 0.431211 0.570000
v 0.851730 0.441787 0.570000
v 0.853962 0.451723 0.570000
v 0.856537 0.461021 0.570000
v 0.859455 0.469680 0.570000
v 0.862716 0.477700 0.570000
v 0.866321 0.485081 0.570000
v 0.870269 0.491823 0.570000
v 0.874632 0.497979 0.570000
v 0.879480 0.503599 0.570000
v 0.884813 0.508684 0.570000
v 0.890631 0.513233 0.570000
v 0.896935 0.517247 0.570000
v 0.903725 0.520727 0.570000
v 0.911000 0.523670 0.570000
v 0.918760 0.526079 0.570000
v 0.927005 0.527952 0.570000
v 0.935736 0.529290 0.570000
v 0.944952 0.530093 0.570000
v 0.954654 0.530361 0.570000
v 1.158200 0.004923 0.570000
v 1.158200 0.004923 -0.570000
v 1.158200 1.219895 0.570000
v 1.158200 1.219895 -0.570000
v 0.784521 1.219895 0.570000
v 0.784521 1.219895 -0.570000
v 0.784521 1.016018 0.570000
v 0.784521 1.016018 -0.570000
v 1.057279 1.016018 0.570000
v 1.057279 1.016018 -0.570000
v 1.057279 0.734237 0.570000
v 1.057279 0.734238 -0.570000
v 0.922264 0.734237 0.570000
v 0.922264 0.734238 -0.570000
v 0.913077 0.734007 0.570000
v 0.913077 0.734007 -0.570000
v 0.904156 0.733317 0.570000
v 0.904156 0.733317 -0.570000
v 0.895500 0.732166 0.570000
v 0.895500 0.732166 -0.570000
v 0.887108 0.730554 0.570000
v 0.887108 0.730554 -0.570000
v 0.878983 0.728482 0.570000
v 0.878983 0.728482 -0.570000
v 0.871122 0.725950 0.570000
v 0.871122 0.725950 -0.570000
v 0.863526 0.722957 0.570000
v 0.863526 0.722957 -0.570000
v 0.856196 0.719504 0.570000
v 0.856196 0.719504 -0.570000
v 0.849131 0.715590 0.570000
v 0.849131 0.715590 -0.570000
v 0.842331 0.711216 0.570000
v 0.842331 0.711216 -0.570000
v 0.835796 0.706382 0.570000
v 0.835796 0.706382 -0.570000
v 0.829526 0.701087 0.570000
v 0.829526 0.701087 -0.570000
v 0.823464 0.695170 0.570000
v 0.823464 0.695170 -0.570000
v 0.817550 0.688471 0.570000
v 0.817550 0.688471 -0.570000
v 0.811786 0.680989 0.570000
v 0.811786 0.680989 -0.570000
v 0.806171 0.672725 0.570000
v 0.806171 0.672725 -0.570000
v 0.800705 0.663677 0.570000
v 0.800705 0.663677 -0.570000
v 0.795389 0.653847 0.570000
v 0.795389 0.653847 -0.570000
v 0.790221 0.643234 0.570000
v 0.790221 0.643234 -0.570000
v 0.785203 0.631839 0.570000
v 0.785203 0.631839 -0.570000
v 0.780334 0.619661 0.570000
v 0.780334 0.619661 -0.570000
v 0.775614 0.606700 0.570000
v 0.775614 0.606700 -0.570000
v 0.771043 0.592956 0.570000
v 0.771043 0.592956 -0.570000
v 0.766621 0.578429 0.570000
v 0.766621 0.578430 -0.570000
v 0.762455 0.563299 0.570000
v 0.762455 0.563299 -0.570000
v 0.758652 0.547742 0.570000
v 0.758652 0.547742 -0.570000
v 0.755210 0.531760 0.570000
v 0.755210 0.531760 -0.570000
v 0.752131 0.515351 0.570000
v 0.752131 0.515351 -0.570000
v 0.749414 0.498517 0.570000
v 0.749414 0.498517 -0.570000
v 0.747059 0.481257 0.570000
v 0.747059 0.481257 -0.570000
v 0.745067 0.463570 0.570000
v 0.745067 0.463571 -0.570000
v 0.743437 0.445458 0.570000
v 0.743437 0.445459 -0.570000
v 0.742169 0.426921 0.570000
v 0.742169 0.426921 -0.570000
v 0.741263 0.407957 0.570000
v 0.741263 0.407957 -0.570000
v 0.740720 0.388567 0.570000
v 0.740720 0.388567 -0.570000
v 0.740539 0.368752 0.570000
v 0.740539 0.368752 -0.570000
v 0.740721 0.348418 0.570000
v 0.740721 0.348418 -0.570000
v 0.741268 0.328579 0.570000
v 0.741268 0.328579 -0.570000
v 0.742180 0.309236 0.570000
v 0.742180 0.309236 -0.570000
v 0.743456 0.290387 0.570000
v 0.743456 0.290387 -0.570000
v 0.745097 0.272033 0.570000
v 0.745097 0.272033 -0.570000
v 0.747102 0.254175 0.570000
v 0.747102 0.254175 -0.570000
v 0.749472 0.236811 0.570000
v 0.749472 0.236811 -0.570000
v 0.752207 0.219942 0.570000
v 0.752207 0.219942 -0.570000
v 0.755306 0.203568 0.570000
v 0.755306 0.203568 -0.570000
v 0.758770 0.187689 0.570000
v 0.758770 0.187689 -0.570000
v 0.762599 0.172305 0.570000
v 0.762599 0.172305 -0.570000
v 0.766792 0.157416 0.570000
v 0.766792 0.157416 -0.570000
v 0.771218 0.143160 0.570000
v 0.771218 0.143160 -0.570000
v 0.775746 0.129675 0.570000
v 0.775746 0.129675 -0.570000
v 0.780376 0.116962 0.570000
v 0.780376 0.116962 -0.570000
v 0.785108 0.105020 0.570000
v 0.785108 0.105020 -0.570000
v 0.789942 0.093849 0.570000
v 0.789942 0.093849 -0.570000
v 0.794877 0.083449 0.570000
v 0.794877 0.083449 -0.570000
v 0.799915 0.073820 0.570000
v 0.799915 0.073820 -0.570000
v 0.805054 0.064963 0.570000
v 0.805054 0.064963 -0.570000
v 0.810295 0.056876 0.570000
v 0.810295 0.056876 -0.570000
v 0.815637 0.049561 0.570000
v 0.815637 0.049561 -0.570000
v 0.821082 0.043018 0.570000
v 0.821082 0.043018 -0.570000
v 0.826628 0.037245 0.570000
v 0.826628 0.037245 -0.570000
v 0.832423 0.032082 0.570000
v 0.832423 0.032082 -0.570000
v 0.838613 0.027369 0.570000
v 0.838613 0.027369 -0.570000
v 0.845199 0.023104 0.570000
v 0.845199 0.023104 -0.570000
v 0.852180 0.019288 0.570000
v 0.852180 0.019288 -0.570000
v 0.859557 0.015921 0.570000
v 0.859557 0.015922 -0.570000
v 0.867329 0.013003 0.570000
v 0.867329 0.013004 -0.570000
v 0.875496 0.010534 0.570000
v 0.875496 0.010535 -0.570000
v 0.884059 0.008514 0.570000
v 0.884059 0.008514 -0.570000
v 0.893017 0.006943 0.570000
v 0.893017 0.006943 -0.570000
v 0.902371 0.005821 0.570000
v 0.902371 0.005821 -0.570000
v 0.912120 0.005147 0.570000
v 0.912120 0.005148 -0.570000
v 0.922264 0.004923 0.570000
v 0.922264 0.004923 -0.570000
v 1.057279 0.530361 0.570000
v 1.057279 0.530361 -0.570000
v 1.057279 0.208800 0.570000
v 1.057279 0.208800 -0.570000
v 0.959086 0.208800 0.570000
v 0.959086 0.208800 -0.570000
v 0.951439 0.208877 0.570000
v 0.951439 0.208877 -0.570000
v 0.944179 0.209110 0.570000
v 0.944179 0.209110 -0.570000
v 0.937308 0.209499 0.570000
v 0.937308 0.209499 -0.570000
v 0.930826 0.210043 0.570000
v 0.930826 0.210043 -0.570000
v 0.924731 0.210742 0.570000
v 0.924731 0.210742 -0.570000
v 0.919025 0.211597 0.570000
v 0.919025 0.211597 -0.570000
v 0.913707 0.212607 0.570000
v 0.913707 0.212607 -0.570000
v 0.908778 0.213772 0.570000
v 0.908778 0.213772 -0.570000
v 0.904236 0.215093 0.570000
v 0.904236 0.215093 -0.570000
v 0.900083 0.216569 0.570000
v 0.900083 0.216569 -0.570000
v 0.896319 0.218201 0.570000
v 0.896319 0.218201 -0.570000
v 0.892942 0.219988 0.570000
v 0.892942 0.219988 -0.570000
v 0.889795 0.222051 0.570000
v 0.889795 0.222051 -0.570000
v 0.886715 0.224512 0.570000
v 0.886715 0.224512 -0.570000
v 0.883705 0.227369 0.570000
v 0.883705 0.227369 -0.570000
v 0.880763 0.230624 0.570000
v 0.880763 0.230624 -0.570000
v 0.877890 0.234276 0.570000
v 0.877890 0.234276 -0.570000
v 0.875085 0.238324 0.570000
v 0.875085 0.238324 -0.570000
v 0.872349 0.242770 0.570000
v 0.872349 0.242770 -0.570000
v 0.869682 0.247613 0.570000
v 0.869682 0.247614 -0.570000
v 0.867084 0.252854 0.570000
v 0.867084 0.252854 -0.570000
v 0.864554 0.258491 0.570000
v 0.864554 0.258491 -0.570000
v 0.862093 0.264526 0.570000
v 0.862093 0.264526 -0.570000
v 0.859700 0.270957 0.570000
v 0.859700 0.270957 -0.570000
v 0.857440 0.277714 0.570000
v 0.857440 0.277714 -0.570000
v 0.855377 0.284724 0.570000
v 0.855377 0.284724 -0.570000
v 0.853510 0.291987 0.570000
v 0.853510 0.291987 -0.570000
v 0.851839 0.299504 0.570000
v 0.851839 0.299504 -0.570000
v 0.850365 0.307273 0.570000
v 0.850365 0.307273 -0.570000
v 0.849088 0.315296 0.570000
v 0.849088 0.315296 -0.570000
v 0.848007 0.323572 0.570000
v 0.848007 0.323572 -0.570000
v 0.847123 0.332102 0.570000
v 0.847123 0.332102 -0.570000
v 0.846435 0.340884 0.570000
v 0.846435 0.340884 -0.570000
v 0.845944 0.349920 0.570000
v 0.845944 0.349920 -0.570000
v 0.845649 0.359209 0.570000
v 0.845649 0.359209 -0.570000
v 0.845551 0.368752 0.570000
v 0.845551 0.368752 -0.570000
v 0.845722 0.382521 0.570000
v 0.845722 0.382521 -0.570000
v 0.846237 0.395652 0.570000
v 0.846237 0.395652 -0.570000
v 0.847096 0.408144 0.570000
v 0.847096 0.408144 -0.570000
v 0.848297 0.419997 0.570000
v 0.848297 0.419997 -0.570000
v 0.849842 0.431211 0.570000
v 0.849842 0.431211 -0.570000
v 0.851730 0.441787 0.570000
v 0.851730 0.441787 -0.570000
v 0.853962 0.451723 0.570000
v 0.853962 0.451723 -0.570000
v 0.856537 0.461021 0.570000
v 0.856537 0.461021 -0.570000
v 0.859455 0.469680 0.570000
v 0.859455 0.469680 -0.570000
v 0.862716 0.477700 0.570000
v 0.862716 0.477700 -0.570000
v 0.866321 0.485081 0.570000
v 0.866321 0.485081 -0.570000
v 0.870269 0.491823 0.570000
v 0.870269 0.491823 -0.570000
v 0.874632 0.497979 0.570000
v 0.874632 0.497979 -0.570000
v 0.879480 0.503599 0.570000
v 0.879480 0.503599 -0.570000
v 0.884813 0.508684 0.570000
v 0.884813 0.508684 -0.570000
v 0.890631 0.513233 0.570000
v 0.890631 0.513233 -0.570000
v 0.896935 0.517247 0.570000
v 0.896935 0.517248 -0.570000
v 0.903725 0.520727 0.570000
v 0.903725 0.520727 -0.570000
v 0.911000 0.523670 0.570000
v 0.911000 0.523670 -0.570000
v 0.918760 0.526079 0.570000
v 0.918760 0.526079 -0.570000
v 0.927005 0.527952 0.570000
v 0.927005 0.527952 -0.570000
v 0.935736 0.529290 0.570000
v 0.935736 0.529291 -0.570000
v 0.944952 0.530093 0.570000
v 0.944952 0.530093 -0.570000
v 0.954654 0.530361 0.570000
v 0.954654 0.530361 -0.570000
v 0.622571 0.526217 0.570000
v 0.622571 0.526217 -0.570000
v 0.622571 1.219895 0.570000
v 0.622571 1.219895 -0.570000
v 0.272417 1.219895 0.570000
v 0.272417 1.219895 -0.570000
v 0.272417 0.004923 0.570000
v 0.272417 0.004923 -0.570000
v 0.373338 0.004923 0.570000
v 0.373338 0.004923 -0.570000
v 0.373338 1.014361 0.570000
v 0.373338 1.014361 -0.570000
v 0.523696 1.014361 0.570000
v 0.523696 1.014361 -0.570000
v 0.523696 0.495553 0.570000
v 0.523696 0.495553 -0.570000
v 0.523738 0.459332 0.570000
v 0.523738 0.459332 -0.570000
v 0.523866 0.424981 0.570000
v 0.523866 0.424981 -0.570000
v 0.524079 0.392501 0.570000
v 0.524079 0.392501 -0.570000
v 0.524378 0.361891 0.570000
v 0.524378 0.361891 -0.570000
v 0.524761 0.333152 0.570000
v 0.524761 0.333152 -0.570000
v 0.525230 0.306283 0.570000
v 0.525230 0.306283 -0.570000
v 0.525784 0.281285 0.570000
v 0.525784 0.281285 -0.570000
v 0.526423 0.258157 0.570000
v 0.526423 0.258157 -0.570000
v 0.527148 0.236900 0.570000
v 0.527148 0.236900 -0.570000
v 0.527958 0.217513 0.570000
v 0.527958 0.217513 -0.570000
v 0.528853 0.199997 0.570000
v 0.528853 0.199997 -0.570000
v 0.529833 0.184351 0.570000
v 0.529833 0.184351 -0.570000
v 0.530978 0.169911 0.570000
v 0.530978 0.169911 -0.570000
v 0.532366 0.156012 0.570000
v 0.532366 0.156012 -0.570000
v 0.533999 0.142654 0.570000
v 0.533999 0.142654 -0.570000
v 0.535875 0.129837 0.570000
v 0.535875 0.129837 -0.570000
v 0.537996 0.117560 0.570000
v 0.537996 0.117561 -0.570000
v 0.540360 0.105825 0.570000
v 0.540360 0.105825 -0.570000
v 0.542968 0.094631 0.570000
v 0.542968 0.094631 -0.570000
v 0.545820 0.083978 0.570000
v 0.545820 0.083978 -0.570000
v 0.548915 0.073866 0.570000
v 0.548915 0.073866 -0.570000
v 0.552255 0.064295 0.570000
v 0.552255 0.064295 -0.570000
v 0.555838 0.055265 0.570000
v 0.555838 0.055265 -0.570000
v 0.559666 0.046776 0.570000
v 0.559666 0.046776 -0.570000
v 0.563801 0.038900 0.570000
v 0.563801 0.038900 -0.570000
v 0.568308 0.031708 0.570000
v 0.568308 0.031708 -0.570000
v 0.573187 0.025202 0.570000
v 0.573187 0.025202 -0.570000
v 0.578437 0.019380 0.570000
v 0.578437 0.019381 -0.570000
v 0.584059 0.014244 0.570000
v 0.584059 0.014244 -0.570000
v 0.590053 0.009792 0.570000
v 0.590053 0.009792 -0.570000
v 0.596418 0.006025 0.570000
v 0.596418 0.006025 -0.570000
v 0.603156 0.002943 0.570000
v 0.603156 0.002943 -0.570000
v 0.610265 0.000546 0.570000
v 0.610265 0.000546 -0.570000
v 0.617745 -0.001166 0.570000
v 0.617745 -0.001166 -0.570000
v 0.625598 -0.002194 0.570000
v 0.625598 -0.002193 -0.570000
v 0.633822 -0.002536 0.570000
v 0.633822 -0.002536 -0.570000
v 0.636978 -0.002478 0.570000
v 0.636978 -0.002478 -0.570000
v 0.640537 -0.002306 0.570000
v 0.640537 -0.002306 -0.570000
v 0.644498 -0.002018 0.570000
v 0.644498 -0.002018 -0.570000
v 0.648862 -0.001615 0.570000
v 0.648862 -0.001615 -0.570000
v 0.653628 -0.001097 0.570000
v 0.653628 -0.001097 -0.570000
v 0.658796 -0.000464 0.570000
v 0.658796 -0.000464 -0.570000
v 0.664368 0.000284 0.570000
v 0.664368 0.000284 -0.570000
v 0.670341 0.001148 0.570000
v 0.670341 0.001148 -0.570000
v 0.676718 0.002126 0.570000
v 0.676718 0.002126 -0.570000
v 0.683496 0.003219 0.570000
v 0.683496 0.003220 -0.570000
v 0.690677 0.004428 0.570000
v 0.690677 0.004428 -0.570000
v 0.698261 0.005752 0.570000
v 0.698261 0.005752 -0.570000
v 0.698261 0.195539 0.570000
v 0.698261 0.195539 -0.570000
v 0.675759 0.194711 0.570000
v 0.675759 0.194711 -0.570000
v 0.670618 0.194854 0.570000
v 0.670618 0.194854 -0.570000
v 0.665767 0.195286 0.570000
v 0.665767 0.195286 -0.570000
v 0.661204 0.196006 0.570000
v 0.661204 0.196006 -0.570000
v 0.656931 0.197013 0.570000
v 0.656931 0.197013 -0.570000
v 0.652946 0.198308 0.570000
v 0.652946 0.198308 -0.570000
v 0.649250 0.199890 0.570000
v 0.649250 0.199890 -0.570000
v 0.645843 0.201761 0.570000
v 0.645843 0.201761 -0.570000
v 0.642725 0.203919 0.570000
v 0.642725 0.203919 -0.570000
v 0.639895 0.206365 0.570000
v 0.639895 0.206365 -0.570000
v 0.637355 0.209099 0.570000
v 0.637355 0.209099 -0.570000
v 0.635103 0.212120 0.570000
v 0.635103 0.212120 -0.570000
v 0.633140 0.215430 0.570000
v 0.633140 0.215430 -0.570000
v 0.631397 0.219303 0.570000
v 0.631397 0.219303 -0.570000
v 0.629806 0.224017 0.570000
v 0.629806 0.224017 -0.570000
v 0.628367 0.229571 0.570000
v 0.628367 0.229571 -0.570000
v 0.627079 0.235965 0.570000
v 0.627079 0.235965 -0.570000
v 0.625942 0.243199 0.570000
v 0.625942 0.243199 -0.570000
v 0.624957 0.251274 0.570000
v 0.624957 0.251274 -0.570000
v 0.624124 0.260189 0.570000
v 0.624124 0.260189 -0.570000
v 0.623442 0.269944 0.570000
v 0.623442 0.269944 -0.570000
v 0.622912 0.280540 0.570000
v 0.622912 0.280540 -0.570000
v 0.622533 0.291975 0.570000
v 0.622533 0.291976 -0.570000
v 0.622306 0.304252 0.570000
v 0.622306 0.304252 -0.570000
v 0.622230 0.317368 0.570000
v 0.622230 0.317368 -0.570000
v -0.231504 0.004923 0.570000
v -0.231504 0.004923 -0.570000
v -0.130583 0.004923 0.570000
v -0.130583 0.004923 -0.570000
v -0.130583 0.512128 0.570000
v -0.130583 0.512128 -0.570000
v -0.110126 0.512128 0.570000
v -0.110126 0.512128 -0.570000
v -0.102366 0.511886 0.570000
v -0.102366 0.511886 -0.570000
v -0.094997 0.511161 0.570000
v -0.094997 0.511161 -0.570000
v -0.088018 0.509953 0.570000
v -0.088018 0.509953 -0.570000
v -0.081430 0.508261 0.570000
v -0.081430 0.508261 -0.570000
v -0.075232 0.506085 0.570000
v -0.075232 0.506085 -0.570000
v -0.069425 0.503426 0.570000
v -0.069425 0.503426 -0.570000
v -0.064009 0.500284 0.570000
v -0.064009 0.500284 -0.570000
v -0.058984 0.496658 0.570000
v -0.058984 0.496658 -0.570000
v -0.054349 0.492548 0.570000
v -0.054349 0.492549 -0.570000
v -0.050105 0.487956 0.570000
v -0.050105 0.487956 -0.570000
v -0.046252 0.482880 0.570000
v -0.046252 0.482880 -0.570000
v -0.042789 0.477320 0.570000
v -0.042789 0.477320 -0.570000
v -0.039329 0.470557 0.570000
v -0.039329 0.470557 -0.570000
v -0.035482 0.461873 0.570000
v -0.035482 0.461873 -0.570000
v -0.031250 0.451266 0.570000
v -0.031250 0.451266 -0.570000
v -0.026632 0.438736 0.570000
v -0.026632 0.438736 -0.570000
v -0.021628 0.424285 0.570000
v -0.021628 0.424285 -0.570000
v -0.016238 0.407911 0.570000
v -0.016238 0.407911 -0.570000
v -0.010462 0.389615 0.570000
v -0.010462 0.389615 -0.570000
v -0.004300 0.369396 0.570000
v -0.004300 0.369396 -0.570000
v 0.002248 0.347255 0.570000
v 0.002248 0.347255 -0.570000
v 0.009182 0.323192 0.570000
v 0.009182 0.323192 -0.570000
v 0.016502 0.297207 0.570000
v 0.016502 0.297207 -0.570000
v 0.024207 0.269300 0.570000
v 0.024207 0.269300 -0.570000
v 0.097170 0.004923 0.570000
v 0.097170 0.004923 -0.570000
v 0.217866 0.004923 0.570000
v 0.217866 0.004923 -0.570000
v 0.156836 0.241950 0.570000
v 0.156836 0.241950 -0.570000
v 0.150914 0.264848 0.570000
v 0.150914 0.264848 -0.570000
v 0.145196 0.286577 0.570000
v 0.145196 0.286577 -0.570000
v 0.139682 0.307138 0.570000
v 0.139682 0.307138 -0.570000
v 0.134371 0.326530 0.570000
v 0.134371 0.326531 -0.570000
v 0.129264 0.344755 0.570000
v 0.129264 0.344755 -0.570000
v 0.124361 0.361811 0.570000
v 0.124361 0.361811 -0.570000
v 0.119661 0.377698 0.570000
v 0.119661 0.377698 -0.570000
v 0.115165 0.392417 0.570000
v 0.115165 0.392417 -0.570000
v 0.110872 0.405968 0.570000
v 0.110872 0.405968 -0.570000
v 0.106783 0.418351 0.570000
v 0.106783 0.418351 -0.570000
v 0.102898 0.429565 0.570000
v 0.102898 0.429565 -0.570000
v 0.099216 0.439611 0.570000
v 0.099216 0.439611 -0.570000
v 0.095560 0.448989 0.570000
v 0.095560 0.448989 -0.570000
v 0.091753 0.458201 0.570000
v 0.091753 0.458201 -0.570000
v 0.087794 0.467245 0.570000
v 0.087794 0.467245 -0.570000
v 0.083684 0.476123 0.570000
v 0.083684 0.476123 -0.570000
v 0.079422 0.484833 0.570000
v 0.079422 0.484834 -0.570000
v 0.075009 0.493377 0.570000
v 0.075009 0.493377 -0.570000
v 0.070444 0.501754 0.570000
v 0.070444 0.501754 -0.570000
v 0.065727 0.509964 0.570000
v 0.065727 0.509964 -0.570000
v 0.060859 0.518007 0.570000
v 0.060859 0.518007 -0.570000
v 0.055840 0.525883 0.570000
v 0.055840 0.525883 -0.570000
v 0.050669 0.533593 0.570000
v 0.050669 0.533593 -0.570000
v 0.045346 0.541135 0.570000
v 0.045346 0.541135 -0.570000
v 0.056725 0.546007 0.570000
v 0.056725 0.546007 -0.570000
v 0.067565 0.551782 0.570000
v 0.067565 0.551782 -0.570000
v 0.077864 0.558461 0.570000
v 0.077864 0.558461 -0.570000
v 0.087624 0.566044 0.570000
v 0.087624 0.566044 -0.570000
v 0.096843 0.574530 0.570000
v 0.096843 0.574530 -0.570000
v 0.105523 0.583920 0.570000
v 0.105523 0.583920 -0.570000
v 0.113663 0.594213 0.570000
v 0.113663 0.594213 -0.570000
v 0.121264 0.605410 0.570000
v 0.121264 0.605410 -0.570000
v 0.128324 0.617511 0.570000
v 0.128324 0.617511 -0.570000
v 0.134845 0.630515 0.570000
v 0.134845 0.630515 -0.570000
v 0.140826 0.644423 0.570000
v 0.140826 0.644423 -0.570000
v 0.146267 0.659234 0.570000
v 0.146267 0.659234 -0.570000
v 0.151222 0.674748 0.570000
v 0.151222 0.674748 -0.570000
v 0.155747 0.690762 0.570000
v 0.155747 0.690762 -0.570000
v 0.159841 0.707277 0.570000
v 0.159841 0.707277 -0.570000
v 0.163503 0.724292 0.570000
v 0.163503 0.724292 -0.570000
v 0.166735 0.741809 0.570000
v 0.166735 0.741809 -0.570000
v 0.169536 0.759826 0.570000
v 0.169536 0.759826 -0.570000
v 0.171906 0.778343 0.570000
v 0.171906 0.778344 -0.570000
v 0.173846 0.797362 0.570000
v 0.173846 0.797362 -0.570000
v 0.175354 0.816881 0.570000
v 0.175354 0.816881 -0.570000
v 0.176431 0.836901 0.570000
v 0.176431 0.836901 -0.570000
v 0.177077 0.857422 0.570000
v 0.177077 0.857422 -0.570000
v 0.177293 0.878443 0.570000
v 0.177293 0.878443 -0.570000
v 0.177133 0.896776 0.570000
v 0.177133 0.896776 -0.570000
v 0.176654 0.914759 0.570000
v 0.176654 0.914759 -0.570000
v 0.175855 0.932390 0.570000
v 0.175855 0.932390 -0.570000
v 0.174736 0.949671 0.570000
v 0.174736 0.949671 -0.570000
v 0.173297 0.966600 0.570000
v 0.173297 0.966600 -0.570000
v 0.171539 0.983178 0.570000
v 0.171539 0.983178 -0.570000
v 0.169462 0.999405 0.570000
v 0.169462 0.999405 -0.570000
v 0.167064 1.015281 0.570000
v 0.167064 1.015281 -0.570000
v 0.164348 1.030806 0.570000
v 0.164348 1.030806 -0.570000
v 0.161311 1.045980 0.570000
v 0.161311 1.045980 -0.570000
v 0.157955 1.060803 0.570000
v 0.157955 1.060803 -0.570000
v 0.154279 1.075275 0.570000
v 0.154279 1.075275 -0.570000
v 0.150341 1.089180 0.570000
v 0.150341 1.089180 -0.570000
v 0.146200 1.102302 0.570000
v 0.146200 1.102302 -0.570000
v 0.141856 1.114641 0.570000
v 0.141856 1.114641 -0.570000
v 0.137307 1.126198 0.570000
v 0.137307 1.126198 -0.570000
v 0.132555 1.136972 0.570000
v 0.132555 1.136972 -0.570000
v 0.127600 1.146963 0.570000
v 0.127600 1.146963 -0.570000
v 0.122441 1.156172 0.570000
v 0.122441 1.156172 -0.570000
v 0.117078 1.164598 0.570000
v 0.117078 1.164598 -0.570000
v 0.111511 1.172241 0.570000
v 0.111511 1.172241 -0.570000
v 0.105741 1.179101 0.570000
v 0.105741 1.179101 -0.570000
v 0.099768 1.185179 0.570000
v 0.099768 1.185179 -0.570000
v 0.093590 1.190473 0.570000
v 0.093590 1.190474 -0.570000
v 0.087052 1.195173 0.570000
v 0.087052 1.195173 -0.570000
v 0.079995 1.199463 0.570000
v 0.079995 1.199463 -0.570000
v 0.072419 1.203345 0.570000
v 0.072419 1.203345 -0.570000
v 0.064326 1.206819 0.570000
v 0.064326 1.206819 -0.570000
v 0.055713 1.209883 0.570000
v 0.055713 1.209883 -0.570000
v 0.046582 1.212539 0.570000
v 0.046582 1.212539 -0.570000
v 0.036932 1.214787 0.570000
v 0.036932 1.214787 -0.570000
v 0.026764 1.216626 0.570000
v 0.026764 1.216626 -0.570000
v 0.016078 1.218056 0.570000
v 0.016078 1.218056 -0.570000
v 0.004873 1.219077 0.570000
v 0.004873 1.219078 -0.570000
v -0.006851 1.219690 0.570000
v -0.006851 1.219690 -0.570000
v -0.019093 1.219895 0.570000
v -0.019093 1.219895 -0.570000
v -0.231504 1.219895 0.570000
v -0.231504 1.219895 -0.570000
v -0.130583 0.706059 0.570000
v -0.130583 0.706060 -0.570000
v -0.130583 1.014361 0.570000
v -0.130583 1.014361 -0.570000
v -0.051824 1.014361 0.570000
v -0.051824 1.014361 -0.570000
v -0.042108 1.014315 0.570000
v -0.042108 1.014315 -0.570000
v -0.032963 1.014176 0.570000
v -0.032963 1.014176 -0.570000
v -0.024388 1.013946 0.570000
v -0.024388 1.013946 -0.570000
v -0.016384 1.013624 0.570000
v -0.016384 1.013624 -0.570000
v -0.008951 1.013210 0.570000
v -0.008951 1.013210 -0.570000
v -0.002088 1.012703 0.570000
v -0.002088 1.012703 -0.570000
v 0.004204 1.012105 0.570000
v 0.004204 1.012105 -0.570000
v 0.009925 1.011414 0.570000
v 0.009925 1.011414 -0.570000
v 0.015076 1.010631 0.570000
v 0.015076 1.010631 -0.570000
v 0.019657 1.009756 0.570000
v 0.019657 1.009756 -0.570000
v 0.023666 1.008789 0.570000
v 0.023666 1.008790 -0.570000
v 0.027105 1.007730 0.570000
v 0.027105 1.007730 -0.570000
v 0.030222 1.006407 0.570000
v 0.030222 1.006407 -0.570000
v 0.033266 1.004646 0.570000
v 0.033266 1.004646 -0.570000
v 0.036236 1.002447 0.570000
v 0.036236 1.002447 -0.570000
v 0.039133 0.999811 0.570000
v 0.039133 0.999811 -0.570000
v 0.041957 0.996738 0.570000
v 0.041957 0.996738 -0.570000
v 0.044707 0.993227 0.570000
v 0.044707 0.993227 -0.570000
v 0.047383 0.989279 0.570000
v 0.047383 0.989279 -0.570000
v 0.049987 0.984893 0.570000
v 0.049987 0.984893 -0.570000
v 0.052517 0.980070 0.570000
v 0.052517 0.980070 -0.570000
v 0.054973 0.974810 0.570000
v 0.054973 0.974810 -0.570000
v 0.057356 0.969112 0.570000
v 0.057356 0.969112 -0.570000
v 0.059666 0.962977 0.570000
v 0.059666 0.962977 -0.570000
v 0.061844 0.956462 0.570000
v 0.061844 0.956462 -0.570000
v 0.063833 0.949625 0.570000
v 0.063833 0.949625 -0.570000
v 0.065632 0.942465 0.570000
v 0.065632 0.942465 -0.570000
v 0.067242 0.934983 0.570000
v 0.067242 0.934983 -0.570000
v 0.068663 0.927179 0.570000
v 0.068663 0.927179 -0.570000
v 0.069894 0.919052 0.570000
v 0.069894 0.919053 -0.570000
v 0.070936 0.910604 0.570000
v 0.070936 0.910604 -0.570000
v 0.071788 0.901833 0.570000
v 0.071788 0.901833 -0.570000
v 0.072451 0.892739 0.570000
v 0.072451 0.892739 -0.570000
v 0.072925 0.883323 0.570000
v 0.072925 0.883324 -0.570000
v 0.073209 0.873585 0.570000
v 0.073209 0.873585 -0.570000
v 0.073304 0.863525 0.570000
v 0.073304 0.863525 -0.570000
v 0.073213 0.853071 0.570000
v 0.073213 0.853071 -0.570000
v 0.072939 0.842979 0.570000
v 0.072939 0.842979 -0.570000
v 0.072483 0.833249 0.570000
v 0.072483 0.833249 -0.570000
v 0.071845 0.823882 0.570000
v 0.071845 0.823883 -0.570000
v 0.071025 0.814878 0.570000
v 0.071025 0.814878 -0.570000
v 0.070022 0.806237 0.570000
v 0.070022 0.806237 -0.570000
v 0.068837 0.797958 0.570000
v 0.068837 0.797958 -0.570000
v 0.067470 0.790041 0.570000
v 0.067470 0.790041 -0.570000
v 0.065920 0.782487 0.570000
v 0.065920 0.782487 -0.570000
v 0.064188 0.775296 0.570000
v 0.064188 0.775296 -0.570000
v 0.062274 0.768467 0.570000
v 0.062274 0.768467 -0.570000
v 0.060177 0.762001 0.570000
v 0.060177 0.762001 -0.570000
v 0.057940 0.755915 0.570000
v 0.057940 0.755915 -0.570000
v 0.055603 0.750226 0.570000
v 0.055603 0.750226 -0.570000
v 0.053167 0.744934 0.570000
v 0.053167 0.744934 -0.570000
v 0.050631 0.740039 0.570000
v 0.050631 0.740039 -0.570000
v 0.047996 0.735541 0.570000
v 0.047996 0.735541 -0.570000
v 0.045261 0.731440 0.570000
v 0.045261 0.731441 -0.570000
v 0.042427 0.727737 0.570000
v 0.042427 0.727737 -0.570000
v 0.039493 0.724430 0.570000
v 0.039493 0.724431 -0.570000
v 0.036460 0.721521 0.570000
v 0.036460 0.721521 -0.570000
v 0.033328 0.719009 0.570000
v 0.033328 0.719009 -0.570000
v 0.030096 0.716894 0.570000
v 0.030096 0.716894 -0.570000
v 0.026764 0.715176 0.570000
v 0.026764 0.715176 -0.570000
v 0.023091 0.713720 0.570000
v 0.023091 0.713720 -0.570000
v 0.018833 0.712390 0.570000
v 0.018833 0.712390 -0.570000
v 0.013990 0.711187 0.570000
v 0.013990 0.711188 -0.570000
v 0.008562 0.710111 0.570000
v 0.008562 0.710111 -0.570000
v 0.002549 0.709162 0.570000
v 0.002549 0.709162 -0.570000
v -0.004049 0.708339 0.570000
v -0.004049 0.708339 -0.570000
v -0.011231 0.707642 0.570000
v -0.011231 0.707642 -0.570000
v -0.018998 0.707072 0.570000
v -0.018998 0.707072 -0.570000
v -0.027350 0.706629 0.570000
v -0.027350 0.706629 -0.570000
v -0.036287 0.706313 0.570000
v -0.036287 0.706313 -0.570000
v -0.045809 0.706123 0.570000
v -0.045809 0.706123 -0.570000
v -0.055915 0.706059 0.570000
v -0.055915 0.706060 -0.570000
v -0.546880 0.004923 0.570000
v -0.546880 0.004923 -0.570000
v -0.445960 0.004923 0.570000
v -0.445960 0.004923 -0.570000
v -0.445960 1.014361 0.570000
v -0.445960 1.014361 -0.570000
v -0.297647 1.014361 0.570000
v -0.297647 1.014361 -0.570000
v -0.297647 1.219895 0.570000
v -0.297647 1.219895 -0.570000
v -0.694852 1.219895 0.570000
v -0.694852 1.219895 -0.570000
v -0.694852 1.014361 0.570000
v -0.694852 1.014361 -0.570000
v -0.546880 1.014361 0.570000
v -0.546880 1.014361 -0.570000
v -0.762018 0.004923 0.570000
v -0.762018 0.004923 -0.570000
v -0.762018 1.219895 0.570000
v -0.762018 1.219895 -0.570000
v -0.862939 1.219895 0.570000
v -0.862939 1.219895 -0.570000
v -0.862939 0.734237 0.570000
v -0.862939 0.734238 -0.570000
v -0.997954 0.734237 0.570000
v -0.997954 0.734238 -0.570000
v -1.013499 0.733484 0.570000
v -1.013499 0.733484 -0.570000
v -1.028313 0.731222 0.570000
v -1.028313 0.731222 -0.570000
v -1.042395 0.727452 0.570000
v -1.042395 0.727452 -0.570000
v -1.055745 0.722174 0.570000
v -1.055745 0.722174 -0.570000
v -1.068364 0.715389 0.570000
v -1.068364 0.715389 -0.570000
v -1.080251 0.707095 0.570000
v -1.080251 0.707096 -0.570000
v -1.091406 0.697294 0.570000
v -1.091406 0.697294 -0.570000
v -1.101830 0.685985 0.570000
v -1.101830 0.685985 -0.570000
v -1.111522 0.673168 0.570000
v -1.111522 0.673168 -0.570000
v -1.120482 0.658843 0.570000
v -1.120482 0.658843 -0.570000
v -1.128711 0.643010 0.570000
v -1.128711 0.643010 -0.570000
v -1.136209 0.625669 0.570000
v -1.136209 0.625669 -0.570000
v -1.143043 0.607275 0.570000
v -1.143043 0.607275 -0.570000
v -1.149283 0.588283 0.570000
v -1.149283 0.588283 -0.570000
v -1.154929 0.568691 0.570000
v -1.154929 0.568691 -0.570000
v -1.159980 0.548502 0.570000
v -1.159980 0.548502 -0.570000
v -1.164437 0.527714 0.570000
v -1.164437 0.527714 -0.570000
v -1.168300 0.506327 0.570000
v -1.168300 0.506327 -0.570000
v -1.171569 0.484341 0.570000
v -1.171569 0.484341 -0.570000
v -1.174243 0.461757 0.570000
v -1.174243 0.461758 -0.570000
v -1.176323 0.438575 0.570000
v -1.176323 0.438575 -0.570000
v -1.177809 0.414794 0.570000
v -1.177809 0.414794 -0.570000
v -1.178700 0.390415 0.570000
v -1.178700 0.390415 -0.570000
v -1.178998 0.365436 0.570000
v -1.178998 0.365437 -0.570000
v -1.178818 0.344976 0.570000
v -1.178818 0.344976 -0.570000
v -1.178278 0.325034 0.570000
v -1.178278 0.325034 -0.570000
v -1.177378 0.305610 0.570000
v -1.177378 0.305610 -0.570000
v -1.176119 0.286704 0.570000
v -1.176119 0.286704 -0.570000
v -1.174499 0.268315 0.570000
v -1.174499 0.268315 -0.570000
v -1.172520 0.250445 0.570000
v -1.172520 0.250445 -0.570000
v -1.170181 0.233093 0.570000
v -1.170181 0.233093 -0.570000
v -1.167481 0.216258 0.570000
v -1.167481 0.216259 -0.570000
v -1.164422 0.199942 0.570000
v -1.164422 0.199942 -0.570000
v -1.161003 0.184144 0.570000
v -1.161003 0.184144 -0.570000
v -1.157225 0.168863 0.570000
v -1.157225 0.168863 -0.570000
v -1.153085 0.154101 0.570000
v -1.153085 0.154101 -0.570000
v -1.148716 0.139986 0.570000
v -1.148716 0.139986 -0.570000
v -1.144244 0.126648 0.570000
v -1.144244 0.126648 -0.570000
v -1.139671 0.114087 0.570000
v -1.139671 0.114087 -0.570000
v -1.134996 0.102303 0.570000
v -1.134996 0.102303 -0.570000
v -1.130219 0.091296 0.570000
v -1.130219 0.091296 -0.570000
v -1.125341 0.081066 0.570000
v -1.125341 0.081066 -0.570000
v -1.120360 0.071613 0.570000
v -1.120360 0.071613 -0.570000
v -1.115278 0.062937 0.570000
v -1.115278 0.062937 -0.570000
v -1.110094 0.055037 0.570000
v -1.110094 0.055038 -0.570000
v -1.104808 0.047915 0.570000
v -1.104808 0.047915 -0.570000
v -1.099420 0.041570 0.570000
v -1.099420 0.041570 -0.570000
v -1.093931 0.036002 0.570000
v -1.093931 0.036002 -0.570000
v -1.088186 0.031038 0.570000
v -1.088186 0.031038 -0.570000
v -1.082031 0.026506 0.570000
v -1.082031 0.026506 -0.570000
v -1.075467 0.022405 0.570000
v -1.075467 0.022405 -0.570000
v -1.068493 0.018736 0.570000
v -1.068493 0.018736 -0.570000
v -1.061109 0.015499 0.570000
v -1.061109 0.015499 -0.570000
v -1.053316 0.012693 0.570000
v -1.053316 0.012693 -0.570000
v -1.045113 0.010319 0.570000
v -1.045113 0.010319 -0.570000
v -1.036500 0.008376 0.570000
v -1.036500 0.008376 -0.570000
v -1.027478 0.006866 0.570000
v -1.027478 0.006866 -0.570000
v -1.018046 0.005786 0.570000
v -1.018046 0.005787 -0.570000
v -1.008205 0.005139 0.570000
v -1.008205 0.005139 -0.570000
v -0.997954 0.004923 0.570000
v -0.997954 0.004923 -0.570000
v -0.862939 0.530361 0.570000
v -0.862939 0.530361 -0.570000
v -0.862939 0.208800 0.570000
v -0.862939 0.208800 -0.570000
v -0.961132 0.208800 0.570000
v -0.961132 0.208800 -0.570000
v -0.968884 0.208877 0.570000
v -0.968884 0.208877 -0.570000
v -0.976228 0.209110 0.570000
v -0.976228 0.209110 -0.570000
v -0.983166 0.209499 0.570000
v -0.983166 0.209499 -0.570000
v -0.989696 0.210043 0.570000
v -0.989696 0.210043 -0.570000
v -0.995819 0.210742 0.570000
v -0.995819 0.210742 -0.570000
v -1.001534 0.211597 0.570000
v -1.001534 0.211597 -0.570000
v -1.006843 0.212607 0.570000
v -1.006843 0.212607 -0.570000
v -1.011744 0.213772 0.570000
v -1.011744 0.213772 -0.570000
v -1.016238 0.215093 0.570000
v -1.016238 0.215093 -0.570000
v -1.020324 0.216569 0.570000
v -1.020324 0.216569 -0.570000
v -1.024004 0.218201 0.570000
v -1.024004 0.218201 -0.570000
v -1.027276 0.219988 0.570000
v -1.027276 0.219988 -0.570000
v -1.030317 0.222051 0.570000
v -1.030317 0.222051 -0.570000
v -1.033304 0.224512 0.570000
v -1.033304 0.224512 -0.570000
v -1.036236 0.227369 0.570000
v -1.036236 0.227369 -0.570000
v -1.039114 0.230624 0.570000
v -1.039114 0.230624 -0.570000
v -1.041938 0.234276 0.570000
v -1.041938 0.234276 -0.570000
v -1.044707 0.238324 0.570000
v -1.044707 0.238324 -0.570000
v -1.047421 0.242770 0.570000
v -1.047421 0.242770 -0.570000
v -1.050081 0.247613 0.570000
v -1.050081 0.247614 -0.570000
v -1.052687 0.252854 0.570000
v -1.052687 0.252854 -0.570000
v -1.055238 0.258491 0.570000
v -1.055238 0.258491 -0.570000
v -1.057735 0.264526 0.570000
v -1.057735 0.264526 -0.570000
v -1.060177 0.270957 0.570000
v -1.060177 0.270957 -0.570000
v -1.062492 0.277714 0.570000
v -1.062492 0.277714 -0.570000
v -1.064605 0.284724 0.570000
v -1.064605 0.284724 -0.570000
v -1.066517 0.291987 0.570000
v -1.066517 0.291987 -0.570000
v -1.068227 0.299504 0.570000
v -1.068227 0.299504 -0.570000
v -1.069737 0.307273 0.570000
v -1.069737 0.307273 -0.570000
v -1.071045 0.315296 0.570000
v -1.071045 0.315296 -0.570000
v -1.072152 0.323572 0.570000
v -1.072152 0.323572 -0.570000
v -1.073057 0.332102 0.570000
v -1.073057 0.332102 -0.570000
v -1.073762 0.340884 0.570000
v -1.073762 0.340884 -0.570000
v -1.074265 0.349920 0.570000
v -1.074265 0.349920 -0.570000
v -1.074567 0.359209 0.570000
v -1.074567 0.359209 -0.570000
v -1.074667 0.368752 0.570000
v -1.074667 0.368752 -0.570000
v -1.074496 0.382392 0.570000
v -1.074496 0.382392 -0.570000
v -1.073981 0.395410 0.570000
v -1.073981 0.395410 -0.570000
v -1.073123 0.407807 0.570000
v -1.073123 0.407807 -0.570000
v -1.071921 0.419583 0.570000
v -1.071921 0.419583 -0.570000
v -1.070376 0.430736 0.570000
v -1.070376 0.430736 -0.570000
v -1.068488 0.441269 0.570000
v -1.068488 0.441269 -0.570000
v -1.066256 0.451179 0.570000
v -1.066256 0.451179 -0.570000
v -1.063681 0.460468 0.570000
v -1.063681 0.460468 -0.570000
v -1.060763 0.469136 0.570000
v -1.060763 0.469136 -0.570000
v -1.057501 0.477182 0.570000
v -1.057501 0.477182 -0.570000
v -1.053896 0.484606 0.570000
v -1.053896 0.484606 -0.570000
v -1.049949 0.491409 0.570000
v -1.049949 0.491409 -0.570000
v -1.045586 0.497630 0.570000
v -1.045586 0.497631 -0.570000
v -1.040738 0.503311 0.570000
v -1.040738 0.503311 -0.570000
v -1.035405 0.508450 0.570000
v -1.035405 0.508451 -0.570000
v -1.029587 0.513049 0.570000
v -1.029587 0.513049 -0.570000
v -1.023283 0.517106 0.570000
v -1.023283 0.517107 -0.570000
v -1.016493 0.520623 0.570000
v -1.016493 0.520623 -0.570000
v -1.009218 0.523598 0.570000
v -1.009218 0.523599 -0.570000
v -1.001458 0.526033 0.570000
v -1.001458 0.526033 -0.570000
v -0.993213 0.527926 0.570000
v -0.993213 0.527927 -0.570000
v -0.984482 0.529279 0.570000
v -0.984482 0.529279 -0.570000
v -0.975266 0.530090 0.570000
v -0.975266 0.530091 -0.570000
v -0.965564 0.530361 0.570000
v -0.965564 0.530361 -0.570000
vn -0.0000 -0.0000 -1.0000
vn -0.0000 -0.0000 1.0000
vn 1.0000 -0.0000 -0.0000
vn -0.0000 1.0000 -0.0000
vn -1.0000 -0.0000 -0.0000
vn -0.0000 -1.0000 -0.0000
vn -0.0125 0.9999 -0.0000
vn -0.0251 0.9997 -0.0000
vn -0.0772 0.9970 -0.0000
vn -0.1318 0.9913 -0.0000
vn -0.1886 0.9821 -0.0000
vn -0.2471 0.9690 -0.0000
vn -0.3066 0.9518 -0.0000
vn -0.3666 0.9304 -0.0000
vn -0.4262 0.9046 -0.0000
vn -0.4846 0.8748 -0.0000
vn -0.5410 0.8410 -0.0000
vn -0.5947 0.8039 -0.0000
vn -0.6452 0.7640 -0.0000
vn -0.6984 0.7157 -0.0000
vn -0.7497 0.6618 -0.0000
vn -0.7922 0.6103 -0.0000
vn -0.8272 0.5620 -0.0000
vn -0.8559 0.5171 -0.0000
vn -0.8796 0.4757 -0.0000
vn -0.8991 0.4378 -0.0000
vn -0.9152 0.4030 -0.0000
vn -0.9285 0.3713 -0.0000
vn -0.9285 0.3712 -0.0000
vn -0.9396 0.3422 -0.0000
vn -0.9489 0.3156 -0.0000
vn -0.9567 0.2912 -0.0000
vn -0.9641 0.2655 -0.0000
vn -0.9714 0.2375 -0.0000
vn -0.9776 0.2105 -0.0000
vn -0.9828 0.1844 -0.0000
vn -0.9872 0.1593 -0.0000
vn -0.9908 0.1352 -0.0000
vn -0.9937 0.1119 -0.0000
vn -0.9960 0.0896 -0.0000
vn -0.9977 0.0682 -0.0000
vn -0.9989 0.0477 -0.0000
vn -0.9996 0.0280 -0.0000
vn -1.0000 0.0091 -0.0000
vn -1.0000 -0.0090 -0.0000
vn -0.9996 -0.0276 -0.0000
vn -0.9989 -0.0471 -0.0000
vn -0.9977 -0.0676 -0.0000
vn -0.9977 -0.0675 -0.0000
vn -0.9960 -0.0890 -0.0000
vn -0.9938 -0.1116 -0.0000
vn -0.9908 -0.1352 -0.0000
vn -0.9871 -0.1600 -0.0000
vn -0.9826 -0.1860 -0.0000
vn -0.9770 -0.2131 -0.0000
vn -0.9704 -0.2415 -0.0000
vn -0.9626 -0.2711 -0.0000
vn -0.9550 -0.2965 -0.0000
vn -0.9480 -0.3183 -0.0000
vn -0.9396 -0.3422 -0.0000
vn -0.9297 -0.3684 -0.0000
vn -0.9178 -0.3971 -0.0000
vn -0.9034 -0.4287 -0.0000
vn -0.8861 -0.4636 -0.0000
vn -0.8861 -0.4635 -0.0000
vn -0.8650 -0.5018 -0.0000
vn -0.8392 -0.5439 -0.0000
vn -0.8075 -0.5898 -0.0000
vn -0.7687 -0.6396 -0.0000
vn -0.7211 -0.6928 -0.0000
vn -0.6652 -0.7467 -0.0000
vn -0.6058 -0.7956 -0.0000
vn -0.5435 -0.8394 -0.0000
vn -0.5436 -0.8394 -0.0000
vn -0.4796 -0.8775 -0.0000
vn -0.4152 -0.9097 -0.0000
vn -0.3515 -0.9362 -0.0000
vn -0.2894 -0.9572 -0.0000
vn -0.2296 -0.9733 -0.0000
vn -0.1728 -0.9850 -0.0000
vn -0.1191 -0.9929 -0.0000
vn -0.0689 -0.9976 -0.0000
vn -0.0111 -0.9999 -0.0000
vn -0.0221 -0.9998 -0.0000
vn 0.0051 1.0000 -0.0000
vn 0.0211 0.9998 -0.0000
vn 0.0443 0.9990 -0.0000
vn 0.0700 0.9975 -0.0000
vn 0.0988 0.9951 -0.0000
vn 0.1140 0.9935 -0.0000
vn 0.1481 0.9890 -0.0000
vn 0.1866 0.9824 -0.0000
vn 0.2301 0.9732 -0.0000
vn 0.2793 0.9602 -0.0000
vn 0.3349 0.9422 -0.0000
vn 0.3977 0.9175 -0.0000
vn 0.4678 0.8838 -0.0000
vn 0.5482 0.8363 -0.0000
vn 0.6242 0.7812 -0.0000
vn 0.6242 0.7813 -0.0000
vn 0.6885 0.7253 -0.0000
vn 0.6884 0.7253 -0.0000
vn 0.7418 0.6706 -0.0000
vn 0.7419 0.6705 -0.0000
vn 0.7859 0.6183 -0.0000
vn 0.8220 0.5694 -0.0000
vn 0.8517 0.5241 -0.0000
vn 0.8760 0.4824 -0.0000
vn 0.8759 0.4824 -0.0000
vn 0.8959 0.4442 -0.0000
vn 0.8959 0.4443 -0.0000
vn 0.9123 0.4094 -0.0000
vn 0.9259 0.3777 -0.0000
vn 0.9259 0.3776 -0.0000
vn 0.9372 0.3487 -0.0000
vn 0.9484 0.3172 -0.0000
vn 0.9593 0.2824 -0.0000
vn 0.9685 0.2490 -0.0000
vn 0.9685 0.2489 -0.0000
vn 0.9762 0.2170 -0.0000
vn 0.9762 0.2169 -0.0000
vn 0.9825 0.1864 -0.0000
vn 0.9876 0.1572 -0.0000
vn 0.9916 0.1295 -0.0000
vn 0.9947 0.1031 -0.0000
vn 0.9969 0.0781 -0.0000
vn 0.9985 0.0543 -0.0000
vn 0.9995 0.0317 -0.0000
vn 0.9999 0.0103 -0.0000
vn 0.9999 -0.0125 -0.0000
vn 0.9992 -0.0392 -0.0000
vn 0.9976 -0.0685 -0.0000
vn 0.9949 -0.1009 -0.0000
vn 0.9949 -0.1008 -0.0000
vn 0.9906 -0.1365 -0.0000
vn 0.9844 -0.1758 -0.0000
vn 0.9757 -0.2191 -0.0000
vn 0.9637 -0.2669 -0.0000
vn 0.9476 -0.3194 -0.0000
vn 0.9263 -0.3767 -0.0000
vn 0.8986 -0.4388 -0.0000
vn 0.8986 -0.4389 -0.0000
vn 0.8629 -0.5053 -0.0000
vn 0.8159 -0.5782 -0.0000
vn 0.7572 -0.6532 -0.0000
vn 0.6900 -0.7238 -0.0000
vn 0.6160 -0.7878 -0.0000
vn 0.5371 -0.8435 -0.0000
vn 0.4560 -0.8900 -0.0000
vn 0.3751 -0.9270 -0.0000
vn 0.2964 -0.9551 -0.0000
vn 0.2216 -0.9751 -0.0000
vn 0.1515 -0.9885 -0.0000
vn 0.0868 -0.9962 -0.0000
vn 0.0138 -0.9999 -0.0000
vn 0.0276 -0.9996 -0.0000
vn 1.0000 -0.0008 -0.0000
vn -1.0000 -0.0006 -0.0000
vn -1.0000 -0.0025 -0.0000
vn -1.0000 -0.0051 -0.0000
vn -1.0000 -0.0024 -0.0000
vn -1.0000 -0.0082 -0.0000
vn -0.9999 -0.0115 -0.0000
vn -0.9999 -0.0154 -0.0000
vn -0.9998 -0.0198 -0.0000
vn -0.9997 -0.0249 -0.0000
vn -0.9994 -0.0341 -0.0000
vn -0.9991 -0.0417 -0.0000
vn -0.9987 -0.0510 -0.0000
vn -0.9980 -0.0625 -0.0000
vn -0.9969 -0.0790 -0.0000
vn -0.9950 -0.0994 -0.0000
vn -0.9926 -0.1213 -0.0000
vn -0.9895 -0.1448 -0.0000
vn -0.9895 -0.1449 -0.0000
vn -0.9854 -0.1702 -0.0000
vn -0.9803 -0.1975 -0.0000
vn -0.9739 -0.2269 -0.0000
vn -0.9660 -0.2586 -0.0000
vn -0.9562 -0.2927 -0.0000
vn -0.9442 -0.3295 -0.0000
vn -0.9295 -0.3689 -0.0000
vn -0.9295 -0.3688 -0.0000
vn -0.9116 -0.4110 -0.0000
vn -0.8854 -0.4649 -0.0000
vn -0.8474 -0.5310 -0.0000
vn -0.8473 -0.5310 -0.0000
vn -0.8001 -0.5999 -0.0000
vn -0.7426 -0.6697 -0.0000
vn -0.6745 -0.7383 -0.0000
vn -0.5963 -0.8028 -0.0000
vn -0.5093 -0.8606 -0.0000
vn -0.4160 -0.9094 -0.0000
vn -0.3195 -0.9476 -0.0000
vn -0.2231 -0.9748 -0.0000
vn -0.1297 -0.9915 -0.0000
vn -0.0416 -0.9991 -0.0000
vn 0.0334 -0.9994 -0.0000
vn 0.0182 -0.9998 -0.0000
vn 0.0605 -0.9982 -0.0000
vn 0.0822 -0.9966 -0.0000
vn 0.1000 -0.9950 -0.0000
vn 0.1148 -0.9934 -0.0000
vn 0.1273 -0.9919 -0.0000
vn 0.1381 -0.9904 -0.0000
vn 0.1474 -0.9891 -0.0000
vn 0.1555 -0.9878 -0.0000
vn 0.1626 -0.9867 -0.0000
vn 0.1690 -0.9856 -0.0000
vn 0.1719 -0.9851 -0.0000
vn -0.0368 0.9993 -0.0000
vn 0.0280 0.9996 -0.0000
vn 0.0886 0.9961 -0.0000
vn 0.1558 0.9878 -0.0000
vn 0.2294 0.9733 -0.0000
vn 0.3091 0.9510 -0.0000
vn 0.3937 0.9193 -0.0000
vn 0.4812 0.8766 -0.0000
vn 0.5691 0.8223 -0.0000
vn 0.6540 0.7565 -0.0000
vn 0.7325 0.6807 -0.0000
vn 0.7325 0.6808 -0.0000
vn 0.8019 0.5975 -0.0000
vn 0.8018 0.5976 -0.0000
vn 0.8601 0.5101 -0.0000
vn 0.9120 0.4103 -0.0000
vn 0.9475 0.3198 -0.0000
vn 0.9680 0.2509 -0.0000
vn 0.9803 0.1974 -0.0000
vn 0.9803 0.1975 -0.0000
vn 0.9879 0.1552 -0.0000
vn 0.9926 0.1211 -0.0000
vn 0.9957 0.0931 -0.0000
vn 0.9976 0.0697 -0.0000
vn 0.9987 0.0500 -0.0000
vn 0.9995 0.0331 -0.0000
vn 0.9998 0.0185 -0.0000
vn 1.0000 0.0058 -0.0000
vn 1.0000 -0.0016 -0.0000
vn -0.0156 -0.9999 -0.0000
vn -0.0311 -0.9995 -0.0000
vn -0.0979 -0.9952 -0.0000
vn -0.1706 -0.9853 -0.0000
vn -0.2488 -0.9686 -0.0000
vn -0.3312 -0.9436 -0.0000
vn -0.4163 -0.9092 -0.0000
vn -0.5018 -0.8650 -0.0000
vn -0.5851 -0.8110 -0.0000
vn -0.6634 -0.7483 -0.0000
vn -0.6634 -0.7482 -0.0000
vn -0.7344 -0.6787 -0.0000
vn -0.7965 -0.6046 -0.0000
vn -0.8488 -0.5287 -0.0000
vn -0.8902 -0.4555 -0.0000
vn -0.9143 -0.4049 -0.0000
vn -0.9288 -0.3706 -0.0000
vn -0.9383 -0.3458 -0.0000
vn -0.9450 -0.3272 -0.0000
vn -0.9499 -0.3127 -0.0000
vn -0.9536 -0.3010 -0.0000
vn -0.9566 -0.2915 -0.0000
vn -0.9599 -0.2802 -0.0000
vn -0.9589 -0.2836 -0.0000
vn -0.9617 -0.2740 -0.0000
vn -0.9632 -0.2686 -0.0000
vn -0.9639 -0.2661 -0.0000
vn -0.9640 -0.2660 -0.0000
vn 0.9683 0.2499 -0.0000
vn 0.9684 0.2493 -0.0000
vn 0.9676 0.2524 -0.0000
vn 0.9665 0.2568 -0.0000
vn 0.9652 0.2616 -0.0000
vn 0.9637 0.2670 -0.0000
vn 0.9620 0.2731 -0.0000
vn 0.9600 0.2800 -0.0000
vn 0.9589 0.2837 -0.0000
vn 0.9564 0.2921 -0.0000
vn 0.9533 0.3020 -0.0000
vn 0.9496 0.3136 -0.0000
vn 0.9449 0.3274 -0.0000
vn 0.9389 0.3441 -0.0000
vn 0.9317 0.3632 -0.0000
vn 0.9242 0.3820 -0.0000
vn 0.9161 0.4010 -0.0000
vn 0.9075 0.4202 -0.0000
vn 0.9075 0.4201 -0.0000
vn 0.8983 0.4395 -0.0000
vn 0.8885 0.4589 -0.0000
vn 0.8781 0.4785 -0.0000
vn 0.8671 0.4981 -0.0000
vn 0.8555 0.5178 -0.0000
vn 0.8433 0.5374 -0.0000
vn 0.8305 0.5571 -0.0000
vn 0.8305 0.5570 -0.0000
vn 0.8170 0.5766 -0.0000
vn 0.3936 -0.9193 -0.0000
vn 0.4702 -0.8825 -0.0000
vn 0.5441 -0.8390 -0.0000
vn 0.6135 -0.7897 -0.0000
vn 0.6772 -0.7358 -0.0000
vn 0.7343 -0.6788 -0.0000
vn 0.7844 -0.6203 -0.0000
vn 0.8274 -0.5616 -0.0000
vn 0.8637 -0.5040 -0.0000
vn 0.8939 -0.4482 -0.0000
vn 0.9187 -0.3951 -0.0000
vn 0.9387 -0.3448 -0.0000
vn 0.9526 -0.3043 -0.0000
vn 0.9623 -0.2719 -0.0000
vn 0.9706 -0.2406 -0.0000
vn 0.9776 -0.2104 -0.0000
vn 0.9834 -0.1814 -0.0000
vn 0.9881 -0.1536 -0.0000
vn 0.9919 -0.1270 -0.0000
vn 0.9948 -0.1014 -0.0000
vn 0.9970 -0.0770 -0.0000
vn 0.9986 -0.0537 -0.0000
vn 0.9995 -0.0315 -0.0000
vn 0.9999 -0.0102 -0.0000
vn 1.0000 0.0087 -0.0000
vn 0.9996 0.0267 -0.0000
vn 0.9990 0.0453 -0.0000
vn 0.9979 0.0646 -0.0000
vn 0.9964 0.0847 -0.0000
vn 0.9944 0.1055 -0.0000
vn 0.9919 0.1270 -0.0000
vn 0.9888 0.1493 -0.0000
vn 0.9850 0.1724 -0.0000
vn 0.9806 0.1962 -0.0000
vn 0.9753 0.2208 -0.0000
vn 0.9692 0.2462 -0.0000
vn 0.9622 0.2725 -0.0000
vn 0.9536 0.3009 -0.0000
vn 0.9536 0.3010 -0.0000
vn 0.9432 0.3321 -0.0000
vn 0.9305 0.3662 -0.0000
vn 0.9150 0.4036 -0.0000
vn 0.8724 0.4888 -0.0000
vn 0.8436 0.5369 -0.0000
vn 0.8083 0.5887 -0.0000
vn 0.7653 0.6437 -0.0000
vn 0.7132 0.7010 -0.0000
vn 0.6508 0.7593 -0.0000
vn 0.5836 0.8120 -0.0000
vn 0.5195 0.8545 -0.0000
vn 0.4560 0.8900 -0.0000
vn 0.3944 0.9190 -0.0000
vn 0.3352 0.9421 -0.0000
vn 0.2268 0.9739 -0.0000
vn 0.1780 0.9840 -0.0000
vn 0.1327 0.9912 -0.0000
vn 0.0908 0.9959 -0.0000
vn 0.0522 0.9986 -0.0000
vn 0.0083 1.0000 -0.0000
vn 0.0167 0.9999 -0.0000
vn -0.0024 -1.0000 -0.0000
vn -0.0099 -1.0000 -0.0000
vn -0.0210 -0.9998 -0.0000
vn -0.0335 -0.9994 -0.0000
vn -0.0480 -0.9988 -0.0000
vn -0.0646 -0.9979 -0.0000
vn -0.0842 -0.9965 -0.0000
vn -0.1073 -0.9942 -0.0000
vn -0.1351 -0.9908 -0.0000
vn -0.1502 -0.9887 -0.0000
vn -0.1876 -0.9822 -0.0000
vn -0.2344 -0.9721 -0.0000
vn -0.2943 -0.9557 -0.0000
vn -0.3909 -0.9204 -0.0000
vn -0.5008 -0.8655 -0.0000
vn -0.5949 -0.8038 -0.0000
vn -0.6730 -0.7396 -0.0000
vn -0.7364 -0.6765 -0.0000
vn -0.7872 -0.6167 -0.0000
vn -0.8277 -0.5612 -0.0000
vn -0.8599 -0.5104 -0.0000
vn -0.8856 -0.4645 -0.0000
vn -0.9061 -0.4231 -0.0000
vn -0.9226 -0.3859 -0.0000
vn -0.9359 -0.3523 -0.0000
vn -0.9484 -0.3171 -0.0000
vn -0.9602 -0.2793 -0.0000
vn -0.9698 -0.2438 -0.0000
vn -0.9776 -0.2104 -0.0000
vn -0.9838 -0.1791 -0.0000
vn -0.9887 -0.1498 -0.0000
vn -0.9925 -0.1224 -0.0000
vn -0.9953 -0.0967 -0.0000
vn -0.9974 -0.0727 -0.0000
vn -0.9987 -0.0502 -0.0000
vn -0.9996 -0.0292 -0.0000
vn -1.0000 -0.0094 -0.0000
vn -1.0000 0.0087 -0.0000
vn -0.9996 0.0271 -0.0000
vn -0.9989 0.0468 -0.0000
vn -0.9977 0.0680 -0.0000
vn -0.9959 0.0907 -0.0000
vn -0.9933 0.1153 -0.0000
vn -0.9899 0.1417 -0.0000
vn -0.9854 0.1702 -0.0000
vn -0.9796 0.2010 -0.0000
vn -0.9722 0.2341 -0.0000
vn -0.9629 0.2699 -0.0000
vn -0.9512 0.3084 -0.0000
vn -0.9386 0.3450 -0.0000
vn -0.9250 0.3800 -0.0000
vn -0.9084 0.4182 -0.0000
vn -0.8879 0.4600 -0.0000
vn -0.8628 0.5055 -0.0000
vn -0.8320 0.5548 -0.0000
vn -0.7942 0.6077 -0.0000
vn -0.7480 0.6637 -0.0000
vn -0.6922 0.7217 -0.0000
vn -0.6256 0.7801 -0.0000
vn -0.5476 0.8367 -0.0000
vn -0.4583 0.8888 -0.0000
vn -0.3685 0.9296 -0.0000
vn -0.2980 0.9546 -0.0000
vn -0.2410 0.9705 -0.0000
vn -0.1945 0.9809 -0.0000
vn -0.1399 0.9902 -0.0000
vn -0.1560 0.9878 -0.0000
vn -0.1102 0.9939 -0.0000
vn -0.0848 0.9964 -0.0000
vn -0.0631 0.9980 -0.0000
vn -0.0442 0.9990 -0.0000
vn -0.0277 0.9996 -0.0000
vn -0.0131 0.9999 -0.0000
vn -0.0031 1.0000 -0.0000
vn -0.0484 0.9988 -0.0000
vn -0.1509 0.9885 -0.0000
vn -0.2586 0.9660 -0.0000
vn -0.3676 0.9300 -0.0000
vn -0.4736 0.8807 -0.0000
vn -0.5722 0.8201 -0.0000
vn -0.6600 0.7512 -0.0000
vn -0.7353 0.6777 -0.0000
vn -0.7976 0.6032 -0.0000
vn -0.8478 0.5303 -0.0000
vn -0.8873 0.4612 -0.0000
vn -0.9179 0.3969 -0.0000
vn -0.9179 0.3968 -0.0000
vn -0.9374 0.3483 -0.0000
vn -0.9500 0.3121 -0.0000
vn -0.9609 0.2769 -0.0000
vn -0.9701 0.2427 -0.0000
vn -0.9778 0.2096 -0.0000
vn -0.9841 0.1777 -0.0000
vn -0.9891 0.1470 -0.0000
vn -0.9891 0.1471 -0.0000
vn -0.9931 0.1176 -0.0000
vn -0.9960 0.0894 -0.0000
vn -0.9981 0.0624 -0.0000
vn -0.9993 0.0365 -0.0000
vn -0.9999 0.0119 -0.0000
vn -1.0000 -0.0088 -0.0000
vn -0.9996 -0.0271 -0.0000
vn -0.9989 -0.0463 -0.0000
vn -0.9978 -0.0665 -0.0000
vn -0.9961 -0.0877 -0.0000
vn -0.9939 -0.1101 -0.0000
vn -0.9910 -0.1336 -0.0000
vn -0.9874 -0.1583 -0.0000
vn -0.9829 -0.1843 -0.0000
vn -0.9774 -0.2115 -0.0000
vn -0.9708 -0.2401 -0.0000
vn -0.9629 -0.2700 -0.0000
vn -0.9553 -0.2957 -0.0000
vn -0.9481 -0.3179 -0.0000
vn -0.9397 -0.3421 -0.0000
vn -0.9173 -0.3981 -0.0000
vn -0.9026 -0.4305 -0.0000
vn -0.9026 -0.4304 -0.0000
vn -0.8847 -0.4661 -0.0000
vn -0.8629 -0.5055 -0.0000
vn -0.8629 -0.5054 -0.0000
vn -0.8360 -0.5487 -0.0000
vn -0.8030 -0.5960 -0.0000
vn -0.7623 -0.6473 -0.0000
vn -0.7623 -0.6472 -0.0000
vn -0.7121 -0.7021 -0.0000
vn -0.7121 -0.7020 -0.0000
vn -0.6538 -0.7567 -0.0000
vn -0.5930 -0.8052 -0.0000
vn -0.5298 -0.8481 -0.0000
vn -0.4656 -0.8850 -0.0000
vn -0.4015 -0.9158 -0.0000
vn -0.4016 -0.9158 -0.0000
vn -0.3387 -0.9409 -0.0000
vn -0.2780 -0.9606 -0.0000
vn -0.2200 -0.9755 -0.0000
vn -0.1652 -0.9863 -0.0000
vn -0.1137 -0.9935 -0.0000
vn -0.0656 -0.9978 -0.0000
vn -0.0105 -0.9999 -0.0000
vn -0.0211 -0.9998 -0.0000
vn 0.0050 1.0000 -0.0000
vn 0.0209 0.9998 -0.0000
vn 0.0438 0.9990 -0.0000
vn 0.0695 0.9976 -0.0000
vn 0.0983 0.9952 -0.0000
vn 0.1135 0.9935 -0.0000
vn 0.1479 0.9890 -0.0000
vn 0.1869 0.9824 -0.0000
vn 0.2313 0.9729 -0.0000
vn 0.2820 0.9594 -0.0000
vn 0.3398 0.9405 -0.0000
vn 0.4054 0.9141 -0.0000
vn 0.4054 0.9142 -0.0000
vn 0.4793 0.8776 -0.0000
vn 0.5614 0.8275 -0.0000
vn 0.6358 0.7718 -0.0000
vn 0.6979 0.7162 -0.0000
vn 0.7491 0.6624 -0.0000
vn 0.7911 0.6117 -0.0000
vn 0.8254 0.5645 -0.0000
vn 0.8535 0.5211 -0.0000
vn 0.8765 0.4814 -0.0000
vn 0.8954 0.4452 -0.0000
vn 0.9110 0.4123 -0.0000
vn 0.9111 0.4123 -0.0000
vn 0.9240 0.3823 -0.0000
vn 0.9349 0.3550 -0.0000
vn 0.9460 0.3240 -0.0000
vn 0.9460 0.3241 -0.0000
vn 0.9575 0.2886 -0.0000
vn 0.9574 0.2886 -0.0000
vn 0.9671 0.2546 -0.0000
vn 0.9671 0.2545 -0.0000
vn 0.9751 0.2219 -0.0000
vn 0.9816 0.1907 -0.0000
vn 0.9870 0.1609 -0.0000
vn 0.9870 0.1610 -0.0000
vn 0.9912 0.1325 -0.0000
vn 0.9912 0.1326 -0.0000
vn 0.9944 0.1056 -0.0000
vn 0.9968 0.0799 -0.0000
vn 0.9985 0.0556 -0.0000
vn 0.9995 0.0325 -0.0000
vn 0.9999 0.0105 -0.0000
vn 0.9999 -0.0126 -0.0000
vn 0.9992 -0.0395 -0.0000
vn 0.9976 -0.0691 -0.0000
vn 0.9948 -0.1015 -0.0000
vn 0.9905 -0.1372 -0.0000
vn 0.9843 -0.1765 -0.0000
vn 0.9756 -0.2197 -0.0000
vn 0.9637 -0.2671 -0.0000
vn 0.9477 -0.3191 -0.0000
vn 0.9268 -0.3757 -0.0000
vn 0.8996 -0.4368 -0.0000
vn 0.8649 -0.5019 -0.0000
vn 0.8188 -0.5741 -0.0000
vn 0.7607 -0.6492 -0.0000
vn 0.7606 -0.6492 -0.0000
vn 0.6939 -0.7201 -0.0000
vn 0.6200 -0.7846 -0.0000
vn 0.6201 -0.7846 -0.0000
vn 0.5412 -0.8409 -0.0000
vn 0.4599 -0.8880 -0.0000
vn 0.3786 -0.9256 -0.0000
vn 0.2993 -0.9541 -0.0000
vn 0.2238 -0.9746 -0.0000
vn 0.1531 -0.9882 -0.0000
vn 0.0877 -0.9961 -0.0000
vn 0.0139 -0.9999 -0.0000
vn 0.0279 -0.9996 -0.0000
vt 0.611071 0.986886
vt 0.584719 0.856372
vt 0.611071 0.856372
vt 0.584719 0.908542
vt 0.584719 0.930443
vt 0.549464 0.908542
vt 0.545405 0.908623
vt 0.541537 0.908866
vt 0.537860 0.909271
vt 0.534374 0.909838
vt 0.531079 0.910567
vt 0.527975 0.911458
vt 0.525062 0.912511
vt 0.522340 0.913725
vt 0.519810 0.915102
vt 0.517470 0.916641
vt 0.515321 0.918342
vt 0.513363 0.920205
vt 0.511579 0.922181
vt 0.509950 0.924221
vt 0.508475 0.926325
vt 0.507156 0.928494
vt 0.557922 0.930443
vt 0.505992 0.930727
vt 0.584719 0.964985
vt 0.555388 0.930472
vt 0.552982 0.930559
vt 0.550702 0.930704
vt 0.548549 0.930908
vt 0.504984 0.933025
vt 0.546523 0.931169
vt 0.544623 0.931489
vt 0.542850 0.931867
vt 0.541204 0.932302
vt 0.539685 0.932796
vt 0.538292 0.933348
vt 0.504130 0.935386
vt 0.537026 0.933959
vt 0.535887 0.934627
vt 0.534857 0.935358
vt 0.533915 0.936155
vt 0.503432 0.937812
vt 0.533064 0.937020
vt 0.532302 0.937951
vt 0.502889 0.940302
vt 0.531629 0.938949
vt 0.531047 0.940013
vt 0.530553 0.941144
vt 0.502501 0.942857
vt 0.530150 0.942343
vt 0.529836 0.943608
vt 0.502268 0.945476
vt 0.529612 0.944939
vt 0.529478 0.946338
vt 0.502191 0.948159
vt 0.529433 0.947803
vt 0.529459 0.948828
vt 0.502238 0.950357
vt 0.529538 0.949826
vt 0.529669 0.950796
vt 0.502378 0.952499
vt 0.529853 0.951740
vt 0.530090 0.952656
vt 0.502613 0.954586
vt 0.530379 0.953545
vt 0.530720 0.954407
vt 0.531114 0.955242
vt 0.502942 0.956617
vt 0.531561 0.956049
vt 0.532060 0.956829
vt 0.503365 0.958592
vt 0.532612 0.957582
vt 0.533216 0.958308
vt 0.533854 0.958999
vt 0.503882 0.960512
vt 0.534506 0.959647
vt 0.535172 0.960253
vt 0.535853 0.960816
vt 0.504493 0.962376
vt 0.536547 0.961336
vt 0.537256 0.961814
vt 0.537979 0.962249
vt 0.538716 0.962641
vt 0.505198 0.964184
vt 0.539468 0.962990
vt 0.540234 0.963297
vt 0.541013 0.963562
vt 0.541808 0.963783
vt 0.542662 0.963975
vt 0.543623 0.964151
vt 0.544690 0.964309
vt 0.505996 0.965937
vt 0.545863 0.964451
vt 0.547143 0.964576
vt 0.548529 0.964685
vt 0.550022 0.964777
vt 0.551620 0.964852
vt 0.553326 0.964910
vt 0.555137 0.964952
vt 0.557055 0.964977
vt 0.559079 0.964985
vt 0.506889 0.967634
vt 0.507876 0.969275
vt 0.508957 0.970861
vt 0.510098 0.972377
vt 0.511265 0.973810
vt 0.512459 0.975159
vt 0.513680 0.976425
vt 0.514927 0.977608
vt 0.516201 0.978706
vt 0.517502 0.979722
vt 0.518829 0.980654
vt 0.520182 0.981502
vt 0.521563 0.982268
vt 0.522969 0.982949
vt 0.524403 0.983547
vt 0.525903 0.984081
vt 0.527510 0.984567
vt 0.529224 0.985008
vt 0.531045 0.985402
vt 0.532973 0.985750
vt 0.535008 0.986051
vt 0.537150 0.986306
vt 0.539399 0.986515
vt 0.541755 0.986677
vt 0.544217 0.986793
vt 0.546787 0.986863
vt 0.549464 0.986886
vt 0.819058 0.960890
vt 0.841137 0.857173
vt 0.841137 0.960890
vt 0.819058 0.857173
vt 0.254871 0.308080
vt 0.254871 0.297673
vt 0.254871 0.314281
vt 0.796979 0.965608
vt 0.770627 0.857174
vt 0.796979 0.857174
vt 0.142134 0.297673
vt 0.770627 0.965608
vt 0.566994 0.595367
vt 0.508333 0.595345
vt 0.563797 0.595345
vt 0.534685 0.617424
vt 0.508333 0.725859
vt 0.570055 0.595433
vt 0.572981 0.595543
vt 0.575771 0.595696
vt 0.578426 0.595894
vt 0.580946 0.596135
vt 0.583330 0.596421
vt 0.585579 0.596750
vt 0.587693 0.597123
vt 0.589671 0.597540
vt 0.591513 0.598001
vt 0.593221 0.598506
vt 0.594834 0.599074
vt 0.596393 0.599727
vt 0.597900 0.600464
vt 0.599354 0.601285
vt 0.600754 0.602190
vt 0.602101 0.603179
vt 0.603395 0.604253
vt 0.604636 0.605410
vt 0.605824 0.606652
vt 0.606958 0.607977
vt 0.608039 0.609387
vt 0.609067 0.610880
vt 0.610027 0.612435
vt 0.610904 0.614027
vt 0.611697 0.615657
vt 0.612406 0.617325
vt 0.613032 0.619030
vt 0.568237 0.617602
vt 0.566445 0.617547
vt 0.564505 0.617503
vt 0.562415 0.617468
vt 0.560176 0.617444
vt 0.557788 0.617429
vt 0.555251 0.617424
vt 0.534685 0.650542
vt 0.569880 0.617666
vt 0.571374 0.617740
vt 0.572719 0.617824
vt 0.573915 0.617918
vt 0.574962 0.618022
vt 0.575860 0.618136
vt 0.576674 0.618278
vt 0.577469 0.618467
vt 0.578245 0.618704
vt 0.579001 0.618987
vt 0.579738 0.619317
vt 0.613575 0.620773
vt 0.580456 0.619694
vt 0.581155 0.620118
vt 0.581835 0.620589
vt 0.582496 0.621107
vt 0.614034 0.622554
vt 0.583137 0.621672
vt 0.583759 0.622284
vt 0.584363 0.622943
vt 0.614409 0.624373
vt 0.584931 0.623643
vt 0.585451 0.624378
vt 0.614701 0.626229
vt 0.585920 0.625147
vt 0.586341 0.625951
vt 0.586712 0.626789
vt 0.614910 0.628123
vt 0.587033 0.627662
vt 0.587305 0.628569
vt 0.615035 0.630055
vt 0.587528 0.629512
vt 0.587701 0.630489
vt 0.615077 0.632024
vt 0.587825 0.631500
vt 0.587899 0.632546
vt 0.615021 0.634282
vt 0.587924 0.633627
vt 0.587900 0.634750
vt 0.614852 0.636487
vt 0.587828 0.635834
vt 0.587709 0.636879
vt 0.614570 0.638637
vt 0.587543 0.637885
vt 0.587328 0.638852
vt 0.614177 0.640734
vt 0.587067 0.639781
vt 0.586757 0.640670
vt 0.586400 0.641520
vt 0.613670 0.642777
vt 0.585996 0.642332
vt 0.585543 0.643104
vt 0.613051 0.644766
vt 0.585043 0.643838
vt 0.584496 0.644533
vt 0.583912 0.645186
vt 0.612320 0.646702
vt 0.583302 0.645797
vt 0.582665 0.646366
vt 0.582003 0.646892
vt 0.611476 0.648583
vt 0.581315 0.647375
vt 0.580601 0.647815
vt 0.579861 0.648213
vt 0.579095 0.648568
vt 0.578303 0.648881
vt 0.610520 0.650411
vt 0.577485 0.649151
vt 0.576641 0.649378
vt 0.575771 0.649563
vt 0.574812 0.649719
vt 0.573700 0.649862
vt 0.572436 0.649991
vt 0.571018 0.650107
vt 0.569448 0.650209
vt 0.567726 0.650297
vt 0.565850 0.650372
vt 0.563822 0.650433
vt 0.609451 0.652185
vt 0.561641 0.650481
vt 0.559308 0.650515
vt 0.556821 0.650535
vt 0.554182 0.650542
vt 0.534685 0.671374
vt 0.608269 0.653905
vt 0.606975 0.655572
vt 0.605555 0.657163
vt 0.603993 0.658657
vt 0.602290 0.660054
vt 0.600447 0.661354
vt 0.598462 0.662556
vt 0.596337 0.663662
vt 0.594070 0.664671
vt 0.591663 0.665582
vt 0.589114 0.666397
vt 0.586425 0.667114
vt 0.583595 0.667735
vt 0.580623 0.668258
vt 0.582013 0.669068
vt 0.583363 0.669897
vt 0.584674 0.670743
vt 0.585945 0.671607
vt 0.540027 0.671374
vt 0.542053 0.671400
vt 0.534685 0.725859
vt 0.543978 0.671478
vt 0.545800 0.671608
vt 0.587177 0.672489
vt 0.547520 0.671790
vt 0.549138 0.672023
vt 0.550655 0.672309
vt 0.552069 0.672647
vt 0.588369 0.673388
vt 0.553381 0.673036
vt 0.554591 0.673477
vt 0.589521 0.674306
vt 0.555699 0.673971
vt 0.556706 0.674516
vt 0.590634 0.675242
vt 0.557610 0.675113
vt 0.558513 0.675840
vt 0.591707 0.676196
vt 0.559518 0.676773
vt 0.592741 0.677167
vt 0.560623 0.677912
vt 0.593735 0.678157
vt 0.561829 0.679258
vt 0.594690 0.679164
vt 0.595651 0.680243
vt 0.563135 0.680810
vt 0.596666 0.681448
vt 0.564543 0.682569
vt 0.597733 0.682778
vt 0.566051 0.684535
vt 0.598854 0.684234
vt 0.600028 0.685815
vt 0.567660 0.686707
vt 0.601255 0.687521
vt 0.569370 0.689085
vt 0.602536 0.689354
vt 0.571180 0.691670
vt 0.603869 0.691311
vt 0.605256 0.693394
vt 0.573092 0.694461
vt 0.606696 0.695603
vt 0.575104 0.697459
vt 0.608189 0.697937
vt 0.594155 0.725859
vt 0.609735 0.700397
vt 0.625671 0.725859
vt 0.410760 0.782658
vt 0.436578 0.835095
vt 0.410760 0.857174
vt 0.502190 0.857174
vt 0.475838 0.835095
vt 0.502190 0.726660
vt 0.436578 0.779364
vt 0.475838 0.726660
vt 0.410849 0.760223
vt 0.436566 0.775473
vt 0.436533 0.771783
vt 0.436477 0.768294
vt 0.436400 0.765006
vt 0.436299 0.761919
vt 0.436177 0.759032
vt 0.410829 0.758814
vt 0.436032 0.756347
vt 0.410770 0.757495
vt 0.410671 0.756267
vt 0.435865 0.753863
vt 0.410532 0.755129
vt 0.410354 0.754081
vt 0.410137 0.753123
vt 0.435676 0.751579
vt 0.409879 0.752256
vt 0.409583 0.751479
vt 0.435465 0.749497
vt 0.409246 0.750792
vt 0.408870 0.750195
vt 0.408455 0.749689
vt 0.408000 0.749273
vt 0.435231 0.747615
vt 0.407487 0.748917
vt 0.406899 0.748593
vt 0.406236 0.748299
vt 0.405497 0.748036
vt 0.404683 0.747804
vt 0.403793 0.747604
vt 0.434975 0.745934
vt 0.402828 0.747433
vt 0.401788 0.747294
vt 0.400672 0.747186
vt 0.399481 0.747109
vt 0.390996 0.726749
vt 0.396872 0.747047
vt 0.390996 0.747136
vt 0.398214 0.747063
vt 0.434676 0.744383
vt 0.434314 0.742890
vt 0.433887 0.741455
vt 0.433397 0.740078
vt 0.432844 0.738760
vt 0.432226 0.737499
vt 0.431545 0.736296
vt 0.430801 0.735152
vt 0.429992 0.734066
vt 0.429120 0.733038
vt 0.428185 0.732068
vt 0.427185 0.731156
vt 0.426105 0.730310
vt 0.424929 0.729537
vt 0.423655 0.728838
vt 0.422284 0.728213
vt 0.420816 0.727661
vt 0.419251 0.727183
vt 0.417589 0.726778
vt 0.415829 0.726447
vt 0.392976 0.726607
vt 0.394851 0.726477
vt 0.396621 0.726359
vt 0.413973 0.726190
vt 0.398286 0.726254
vt 0.399846 0.726162
vt 0.412020 0.726006
vt 0.401301 0.726081
vt 0.402650 0.726013
vt 0.403895 0.725958
vt 0.409969 0.725895
vt 0.405034 0.725914
vt 0.406069 0.725883
vt 0.407822 0.725859
vt 0.406998 0.725865
vt 0.611249 0.856372
vt 0.584897 0.747759
vt 0.611249 0.725859
vt 0.513675 0.725859
vt 0.513675 0.747759
vt 0.584897 0.778029
vt 0.584897 0.799929
vt 0.549642 0.778029
vt 0.547243 0.778053
vt 0.544914 0.778127
vt 0.542653 0.778251
vt 0.540462 0.778424
vt 0.538340 0.778647
vt 0.536288 0.778919
vt 0.534305 0.779240
vt 0.532391 0.779611
vt 0.530546 0.780032
vt 0.528770 0.780501
vt 0.527064 0.781021
vt 0.525427 0.781590
vt 0.523844 0.782225
vt 0.522299 0.782945
vt 0.520794 0.783749
vt 0.519328 0.784636
vt 0.517901 0.785608
vt 0.516513 0.786664
vt 0.515163 0.787804
vt 0.513853 0.789028
vt 0.512582 0.790337
vt 0.511349 0.791729
vt 0.510156 0.793205
vt 0.509001 0.794766
vt 0.507913 0.796391
vt 0.506920 0.798062
vt 0.506021 0.799779
vt 0.558100 0.799929
vt 0.555566 0.799958
vt 0.505217 0.801542
vt 0.584897 0.834472
vt 0.553160 0.800044
vt 0.550880 0.800188
vt 0.548727 0.800389
vt 0.546701 0.800648
vt 0.544801 0.800964
vt 0.543028 0.801338
vt 0.541382 0.801769
vt 0.504508 0.803350
vt 0.539863 0.802258
vt 0.538470 0.802804
vt 0.537204 0.803408
vt 0.503893 0.805204
vt 0.536065 0.804069
vt 0.535034 0.804793
vt 0.534093 0.805586
vt 0.503373 0.807104
vt 0.533241 0.806448
vt 0.532479 0.807378
vt 0.502947 0.809049
vt 0.531807 0.808377
vt 0.531224 0.809444
vt 0.502616 0.811041
vt 0.530731 0.810580
vt 0.530328 0.811785
vt 0.502380 0.813078
vt 0.530014 0.813058
vt 0.529790 0.814400
vt 0.502238 0.815161
vt 0.529656 0.815810
vt 0.502191 0.817289
vt 0.529611 0.817289
vt 0.529636 0.818314
vt 0.502238 0.819474
vt 0.529713 0.819312
vt 0.529842 0.820283
vt 0.502381 0.821605
vt 0.530021 0.821226
vt 0.530252 0.822143
vt 0.502619 0.823683
vt 0.530535 0.823032
vt 0.530868 0.823894
vt 0.502952 0.825707
vt 0.531253 0.824728
vt 0.531689 0.825536
vt 0.532177 0.826316
vt 0.503381 0.827679
vt 0.532715 0.827069
vt 0.533305 0.827795
vt 0.503904 0.829597
vt 0.533930 0.828486
vt 0.534573 0.829134
vt 0.535233 0.829739
vt 0.504523 0.831463
vt 0.535912 0.830302
vt 0.536608 0.830822
vt 0.537323 0.831300
vt 0.538055 0.831735
vt 0.505237 0.833275
vt 0.538805 0.832127
vt 0.539574 0.832477
vt 0.540360 0.832784
vt 0.541164 0.833048
vt 0.541986 0.833270
vt 0.542867 0.833462
vt 0.506047 0.835034
vt 0.543850 0.833637
vt 0.544935 0.833796
vt 0.546120 0.833938
vt 0.547408 0.834063
vt 0.548796 0.834171
vt 0.550286 0.834263
vt 0.551877 0.834338
vt 0.553570 0.834397
vt 0.555364 0.834438
vt 0.557260 0.834463
vt 0.559257 0.834472
vt 0.506951 0.836739
vt 0.507951 0.838392
vt 0.509046 0.839991
vt 0.510201 0.841523
vt 0.511384 0.842971
vt 0.512593 0.844337
vt 0.513828 0.845620
vt 0.515090 0.846820
vt 0.516379 0.847937
vt 0.517695 0.848971
vt 0.519036 0.849923
vt 0.520405 0.850791
vt 0.521800 0.851577
vt 0.523222 0.852280
vt 0.524670 0.852900
vt 0.526183 0.853455
vt 0.527799 0.853961
vt 0.529519 0.854419
vt 0.531342 0.854829
vt 0.533268 0.855191
vt 0.535297 0.855504
vt 0.537430 0.855770
vt 0.539666 0.855987
vt 0.542005 0.856155
vt 0.544447 0.856276
vt 0.546993 0.856348
vt 0.549642 0.856372
vt 0.499876 0.857174
vt 0.499876 0.987687
vt 0.473524 0.987687
vt 0.473524 0.935517
vt 0.473524 0.913617
vt 0.438269 0.935517
vt 0.434210 0.935436
vt 0.430342 0.935193
vt 0.426665 0.934788
vt 0.423179 0.934221
vt 0.419884 0.933493
vt 0.416780 0.932602
vt 0.413867 0.931549
vt 0.411146 0.930334
vt 0.408615 0.928957
vt 0.406275 0.927418
vt 0.404126 0.925717
vt 0.402169 0.923855
vt 0.400384 0.921879
vt 0.398755 0.919839
vt 0.397280 0.917734
vt 0.395962 0.915565
vt 0.446727 0.913617
vt 0.394798 0.913332
vt 0.473524 0.879074
vt 0.444193 0.913588
vt 0.441787 0.913500
vt 0.439507 0.913355
vt 0.437354 0.913152
vt 0.393789 0.911035
vt 0.435328 0.912890
vt 0.433428 0.912571
vt 0.431655 0.912193
vt 0.430009 0.911757
vt 0.428490 0.911263
vt 0.427097 0.910711
vt 0.392936 0.908673
vt 0.425832 0.910101
vt 0.424693 0.909432
vt 0.423662 0.908702
vt 0.422720 0.907904
vt 0.392237 0.906247
vt 0.421869 0.907040
vt 0.421107 0.906109
vt 0.391694 0.903757
vt 0.420434 0.905111
vt 0.419852 0.904046
vt 0.419359 0.902915
vt 0.391306 0.901202
vt 0.418955 0.901717
vt 0.418641 0.900452
vt 0.391073 0.898583
vt 0.418417 0.899120
vt 0.418283 0.897722
vt 0.390996 0.895900
vt 0.418238 0.896256
vt 0.418264 0.895231
vt 0.391043 0.893702
vt 0.418343 0.894233
vt 0.418474 0.893263
vt 0.391184 0.891560
vt 0.418658 0.892319
vt 0.418895 0.891403
vt 0.391419 0.889474
vt 0.419184 0.890514
vt 0.419526 0.889652
vt 0.419920 0.888818
vt 0.391747 0.887443
vt 0.420366 0.888010
vt 0.420866 0.887230
vt 0.392170 0.885467
vt 0.421417 0.886477
vt 0.422022 0.885751
vt 0.422659 0.885060
vt 0.392687 0.883548
vt 0.423311 0.884412
vt 0.423977 0.883806
vt 0.424658 0.883244
vt 0.393298 0.881684
vt 0.425352 0.882723
vt 0.426061 0.882246
vt 0.426784 0.881811
vt 0.427522 0.881419
vt 0.394003 0.879875
vt 0.428273 0.881069
vt 0.429039 0.880762
vt 0.429819 0.880498
vt 0.430613 0.880276
vt 0.431467 0.880084
vt 0.432428 0.879909
vt 0.433495 0.879750
vt 0.394801 0.878123
vt 0.434668 0.879608
vt 0.435948 0.879483
vt 0.437334 0.879375
vt 0.438827 0.879283
vt 0.440426 0.879208
vt 0.442131 0.879149
vt 0.443942 0.879108
vt 0.445860 0.879083
vt 0.447884 0.879074
vt 0.395694 0.876426
vt 0.396681 0.874784
vt 0.397762 0.873198
vt 0.398903 0.871682
vt 0.400070 0.870249
vt 0.401264 0.868900
vt 0.402485 0.867634
vt 0.403733 0.866452
vt 0.405006 0.865353
vt 0.406307 0.864337
vt 0.407634 0.863405
vt 0.408988 0.862557
vt 0.410368 0.861792
vt 0.411775 0.861110
vt 0.413208 0.860512
vt 0.414708 0.859979
vt 0.416315 0.859492
vt 0.418029 0.859051
vt 0.419850 0.858657
vt 0.421778 0.858310
vt 0.423813 0.858008
vt 0.425955 0.857753
vt 0.428204 0.857544
vt 0.430560 0.857382
vt 0.433023 0.857266
vt 0.435592 0.857197
vt 0.438269 0.857174
vt 0.796979 0.857174
vt 0.819058 0.857174
vt 0.796979 0.960890
vt 0.744275 0.965608
vt 0.744275 0.857174
vt 0.770627 0.965608
vt 0.449673 0.595367
vt 0.452870 0.595345
vt 0.508333 0.595345
vt 0.481981 0.617424
vt 0.446612 0.595433
vt 0.443686 0.595543
vt 0.440895 0.595696
vt 0.438240 0.595894
vt 0.435721 0.596135
vt 0.433336 0.596421
vt 0.431088 0.596750
vt 0.428974 0.597123
vt 0.426996 0.597540
vt 0.425153 0.598001
vt 0.423446 0.598506
vt 0.421833 0.599074
vt 0.420273 0.599727
vt 0.418767 0.600464
vt 0.417313 0.601285
vt 0.415913 0.602190
vt 0.414566 0.603179
vt 0.413272 0.604253
vt 0.412031 0.605410
vt 0.410843 0.606652
vt 0.409709 0.607977
vt 0.408627 0.609387
vt 0.407599 0.610880
vt 0.406639 0.612435
vt 0.405763 0.614027
vt 0.404970 0.615657
vt 0.404261 0.617325
vt 0.403635 0.619030
vt 0.448429 0.617602
vt 0.450221 0.617547
vt 0.452162 0.617503
vt 0.454252 0.617468
vt 0.456491 0.617444
vt 0.458879 0.617429
vt 0.461416 0.617424
vt 0.481981 0.650542
vt 0.446786 0.617666
vt 0.445292 0.617740
vt 0.443947 0.617824
vt 0.442751 0.617918
vt 0.441704 0.618022
vt 0.440806 0.618136
vt 0.439992 0.618278
vt 0.439198 0.618467
vt 0.438422 0.618704
vt 0.437666 0.618987
vt 0.436928 0.619317
vt 0.403092 0.620773
vt 0.436210 0.619694
vt 0.435511 0.620118
vt 0.434832 0.620589
vt 0.434171 0.621107
vt 0.402633 0.622554
vt 0.433530 0.621672
vt 0.432907 0.622284
vt 0.432304 0.622943
vt 0.402258 0.624373
vt 0.431736 0.623643
vt 0.431216 0.624378
vt 0.401966 0.626229
vt 0.430746 0.625147
vt 0.430326 0.625951
vt 0.429955 0.626789
vt 0.401757 0.628123
vt 0.429633 0.627662
vt 0.429361 0.628569
vt 0.401632 0.630055
vt 0.429139 0.629512
vt 0.428966 0.630489
vt 0.401590 0.632024
vt 0.428842 0.631500
vt 0.428768 0.632546
vt 0.401646 0.634282
vt 0.428743 0.633627
vt 0.428767 0.634750
vt 0.401815 0.636487
vt 0.428838 0.635834
vt 0.428957 0.636879
vt 0.402096 0.638637
vt 0.429124 0.637885
vt 0.429338 0.638852
vt 0.402490 0.640734
vt 0.429600 0.639781
vt 0.429910 0.640670
vt 0.430267 0.641520
vt 0.402996 0.642777
vt 0.430671 0.642332
vt 0.431123 0.643104
vt 0.403615 0.644766
vt 0.431623 0.643838
vt 0.432171 0.644533
vt 0.432755 0.645186
vt 0.404347 0.646702
vt 0.433365 0.645797
vt 0.434001 0.646366
vt 0.434664 0.646892
vt 0.405191 0.648583
vt 0.435352 0.647375
vt 0.436066 0.647815
vt 0.436806 0.648213
vt 0.437572 0.648568
vt 0.438364 0.648881
vt 0.406147 0.650411
vt 0.439182 0.649151
vt 0.440026 0.649378
vt 0.440895 0.649563
vt 0.441855 0.649719
vt 0.442967 0.649862
vt 0.444231 0.649991
vt 0.445648 0.650107
vt 0.447218 0.650209
vt 0.448941 0.650297
vt 0.450817 0.650372
vt 0.452845 0.650433
vt 0.407216 0.652185
vt 0.455026 0.650481
vt 0.457359 0.650515
vt 0.459845 0.650535
vt 0.462484 0.650542
vt 0.481981 0.671374
vt 0.408397 0.653905
vt 0.409691 0.655572
vt 0.411112 0.657163
vt 0.412674 0.658657
vt 0.414376 0.660054
vt 0.416220 0.661354
vt 0.418205 0.662556
vt 0.420330 0.663662
vt 0.422597 0.664671
vt 0.425004 0.665582
vt 0.427552 0.666397
vt 0.430242 0.667114
vt 0.433072 0.667735
vt 0.436043 0.668258
vt 0.434654 0.669068
vt 0.433303 0.669897
vt 0.431993 0.670743
vt 0.430722 0.671607
vt 0.476640 0.671374
vt 0.474613 0.671400
vt 0.481981 0.725859
vt 0.472689 0.671478
vt 0.470867 0.671608
vt 0.429490 0.672489
vt 0.469147 0.671790
vt 0.467528 0.672023
vt 0.466012 0.672309
vt 0.464598 0.672647
vt 0.428298 0.673388
vt 0.463286 0.673036
vt 0.462075 0.673477
vt 0.427146 0.674306
vt 0.460967 0.673971
vt 0.459961 0.674516
vt 0.426033 0.675242
vt 0.459057 0.675113
vt 0.458153 0.675840
vt 0.424960 0.676196
vt 0.457149 0.676773
vt 0.423926 0.677167
vt 0.456044 0.677912
vt 0.422932 0.678157
vt 0.454838 0.679258
vt 0.421977 0.679164
vt 0.421016 0.680243
vt 0.453531 0.680810
vt 0.420001 0.681448
vt 0.452124 0.682569
vt 0.418934 0.682778
vt 0.450616 0.684535
vt 0.417813 0.684234
vt 0.416639 0.685815
vt 0.449007 0.686707
vt 0.415411 0.687521
vt 0.447297 0.689085
vt 0.414131 0.689354
vt 0.445486 0.691670
vt 0.412797 0.691311
vt 0.411411 0.693394
vt 0.443575 0.694461
vt 0.409971 0.695603
vt 0.441563 0.697459
vt 0.408478 0.697937
vt 0.422511 0.725859
vt 0.406932 0.700397
vt 0.390996 0.725859
vt 0.764039 0.669861
vt 0.764039 0.595345
vt 0.789857 0.617424
vt 0.855470 0.595345
vt 0.829118 0.617424
vt 0.855470 0.725859
vt 0.789857 0.673155
vt 0.829118 0.725859
vt 0.764128 0.692295
vt 0.789846 0.677046
vt 0.789813 0.680736
vt 0.789757 0.684225
vt 0.789679 0.687513
vt 0.789579 0.690600
vt 0.789456 0.693486
vt 0.764108 0.693704
vt 0.789312 0.696172
vt 0.764049 0.695023
vt 0.763950 0.696252
vt 0.789145 0.698656
vt 0.763812 0.697390
vt 0.763634 0.698438
vt 0.763416 0.699395
vt 0.788956 0.700939
vt 0.763159 0.700263
vt 0.762862 0.701040
vt 0.788744 0.703022
vt 0.762526 0.701727
vt 0.762150 0.702323
vt 0.761734 0.702830
vt 0.761279 0.703246
vt 0.788511 0.704904
vt 0.760767 0.703601
vt 0.760179 0.703926
vt 0.759516 0.704220
vt 0.758777 0.704482
vt 0.757962 0.704714
vt 0.757073 0.704915
vt 0.788255 0.706584
vt 0.756108 0.705085
vt 0.755067 0.705224
vt 0.753951 0.705332
vt 0.752760 0.705410
vt 0.744275 0.725770
vt 0.744275 0.705382
vt 0.750151 0.705471
vt 0.751493 0.705456
vt 0.787956 0.708135
vt 0.787593 0.709629
vt 0.787167 0.711064
vt 0.786677 0.712440
vt 0.786123 0.713759
vt 0.785506 0.715020
vt 0.784825 0.716222
vt 0.784080 0.717366
vt 0.783272 0.718453
vt 0.782400 0.719481
vt 0.781464 0.720451
vt 0.780465 0.721363
vt 0.779385 0.722209
vt 0.778208 0.722981
vt 0.776934 0.723680
vt 0.775563 0.724306
vt 0.774095 0.724857
vt 0.772530 0.725336
vt 0.770868 0.725740
vt 0.769109 0.726071
vt 0.746255 0.725912
vt 0.748131 0.726042
vt 0.749901 0.726159
vt 0.767253 0.726329
vt 0.751566 0.726264
vt 0.753125 0.726357
vt 0.765299 0.726513
vt 0.754580 0.726437
vt 0.755930 0.726505
vt 0.757174 0.726561
vt 0.763249 0.726623
vt 0.758314 0.726604
vt 0.759348 0.726635
vt 0.761101 0.726660
vt 0.760277 0.726654
vt 0.853333 0.726660
vt 0.853333 0.857174
vt 0.826981 0.835273
vt 0.755760 0.857174
vt 0.755760 0.835273
vt 0.826981 0.805004
vt 0.826981 0.783103
vt 0.791727 0.805004
vt 0.789328 0.804979
vt 0.786998 0.804905
vt 0.784738 0.804781
vt 0.782547 0.804608
vt 0.780425 0.804385
vt 0.778373 0.804113
vt 0.776389 0.803792
vt 0.774475 0.803421
vt 0.772630 0.803001
vt 0.770855 0.802531
vt 0.769148 0.802011
vt 0.767511 0.801443
vt 0.765928 0.800807
vt 0.764384 0.800087
vt 0.762879 0.799284
vt 0.761413 0.798396
vt 0.759986 0.797424
vt 0.758597 0.796368
vt 0.757248 0.795228
vt 0.755938 0.794004
vt 0.754666 0.792696
vt 0.753434 0.791303
vt 0.752240 0.789827
vt 0.751086 0.788267
vt 0.749998 0.786641
vt 0.749005 0.784970
vt 0.748106 0.783253
vt 0.800184 0.783103
vt 0.797651 0.783074
vt 0.747302 0.781491
vt 0.826981 0.748561
vt 0.795244 0.782988
vt 0.792965 0.782844
vt 0.790812 0.782643
vt 0.788785 0.782384
vt 0.786886 0.782068
vt 0.785113 0.781694
vt 0.783467 0.781263
vt 0.746593 0.779682
vt 0.781947 0.780774
vt 0.780555 0.780228
vt 0.779289 0.779624
vt 0.745978 0.777828
vt 0.778150 0.778963
vt 0.777119 0.778239
vt 0.776178 0.777446
vt 0.745458 0.775928
vt 0.775326 0.776585
vt 0.774564 0.775654
vt 0.745032 0.773983
vt 0.773892 0.774656
vt 0.773309 0.773588
vt 0.744701 0.771991
vt 0.772816 0.772452
vt 0.772413 0.771248
vt 0.744464 0.769954
vt 0.772099 0.769974
vt 0.771875 0.768632
vt 0.744322 0.767871
vt 0.771740 0.767222
vt 0.744275 0.765743
vt 0.771695 0.765743
vt 0.771721 0.764718
vt 0.744323 0.763559
vt 0.771798 0.763720
vt 0.771926 0.762749
vt 0.744466 0.761427
vt 0.772106 0.761806
vt 0.772337 0.760890
vt 0.744704 0.759349
vt 0.772619 0.760001
vt 0.772953 0.759139
vt 0.745037 0.757325
vt 0.773337 0.758304
vt 0.773774 0.757497
vt 0.774261 0.756716
vt 0.745465 0.755353
vt 0.774800 0.755963
vt 0.775390 0.755238
vt 0.745989 0.753435
vt 0.776015 0.754547
vt 0.776658 0.753898
vt 0.777318 0.753293
vt 0.746608 0.751570
vt 0.777997 0.752730
vt 0.778693 0.752210
vt 0.779407 0.751732
vt 0.780140 0.751297
vt 0.747322 0.749757
vt 0.780890 0.750905
vt 0.781658 0.750555
vt 0.782444 0.750248
vt 0.783248 0.749984
vt 0.784070 0.749762
vt 0.784952 0.749570
vt 0.748131 0.747999
vt 0.785935 0.749395
vt 0.787019 0.749237
vt 0.788205 0.749095
vt 0.789492 0.748969
vt 0.790881 0.748861
vt 0.792371 0.748769
vt 0.793962 0.748694
vt 0.795655 0.748636
vt 0.797449 0.748594
vt 0.799345 0.748569
vt 0.801341 0.748561
vt 0.749036 0.746293
vt 0.750035 0.744640
vt 0.751130 0.743041
vt 0.752286 0.741509
vt 0.753468 0.740061
vt 0.754677 0.738695
vt 0.755913 0.737412
vt 0.757175 0.736212
vt 0.758464 0.735095
vt 0.759779 0.734061
vt 0.761121 0.733109
vt 0.762489 0.732241
vt 0.763885 0.731455
vt 0.765306 0.730752
vt 0.766754 0.730132
vt 0.768268 0.729577
vt 0.769884 0.729071
vt 0.771604 0.728613
vt 0.773427 0.728203
vt 0.775353 0.727841
vt 0.777382 0.727528
vt 0.779515 0.727263
vt 0.781751 0.727046
vt 0.784090 0.726877
vt 0.786532 0.726756
vt 0.789078 0.726684
vt 0.791727 0.726660
vt 0.000000 0.595345
vt 0.128829 0.297673
vt 0.128829 0.595345
vt 0.596207 0.595345
vt 0.693607 0.297673
vt 0.693607 0.595345
vt 0.198493 0.893018
vt 0.219779 0.595345
vt 0.219779 0.893018
vt 0.181749 0.893018
vt 0.198493 0.595345
vt 0.152328 0.893018
vt 0.181749 0.595345
vt 0.041565 0.893018
vt 0.076758 0.595345
vt 0.076758 0.893018
vt 0.039169 0.893018
vt 0.041565 0.595345
vt 0.036840 0.893018
vt 0.039169 0.595345
vt 0.034576 0.893018
vt 0.036840 0.595345
vt 0.032379 0.893018
vt 0.034576 0.595345
vt 0.030247 0.893018
vt 0.032379 0.595345
vt 0.028182 0.893018
vt 0.030247 0.595345
vt 0.026183 0.893018
vt 0.028182 0.595345
vt 0.024250 0.893018
vt 0.026183 0.595345
vt 0.022384 0.893018
vt 0.024250 0.595345
vt 0.020583 0.893018
vt 0.022384 0.595345
vt 0.018849 0.893018
vt 0.020583 0.595345
vt 0.017181 0.893018
vt 0.018849 0.595345
vt 0.015563 0.893018
vt 0.017181 0.595345
vt 0.013979 0.893018
vt 0.015563 0.595345
vt 0.012428 0.893018
vt 0.013979 0.595345
vt 0.010912 0.893018
vt 0.012429 0.595345
vt 0.009429 0.893018
vt 0.010912 0.595345
vt 0.007981 0.893018
vt 0.009430 0.595345
vt 0.006566 0.893018
vt 0.007981 0.595345
vt 0.005185 0.893018
vt 0.006566 0.595345
vt 0.003838 0.893018
vt 0.005185 0.595345
vt 0.002525 0.893018
vt 0.003838 0.595345
vt 0.001245 0.893018
vt 0.002525 0.595345
vt 0.000000 0.893018
vt 0.001245 0.595345
vt 0.867470 0.595345
vt 0.868794 0.297673
vt 0.868794 0.595345
vt 0.866079 0.595345
vt 0.867470 0.297673
vt 0.864622 0.595345
vt 0.866079 0.297673
vt 0.863097 0.595345
vt 0.864622 0.297673
vt 0.861506 0.595345
vt 0.863097 0.297673
vt 0.859849 0.595345
vt 0.861506 0.297673
vt 0.858125 0.595345
vt 0.859849 0.297673
vt 0.856334 0.595345
vt 0.858125 0.297673
vt 0.854476 0.595345
vt 0.856334 0.297673
vt 0.852551 0.595345
vt 0.854476 0.297673
vt 0.850560 0.595345
vt 0.852551 0.297673
vt 0.848502 0.595345
vt 0.850560 0.297673
vt 0.846368 0.595345
vt 0.848503 0.297673
vt 0.844263 0.595345
vt 0.846368 0.297673
vt 0.842188 0.595345
vt 0.844263 0.297673
vt 0.840141 0.595345
vt 0.842188 0.297673
vt 0.838124 0.595345
vt 0.840141 0.297673
vt 0.836137 0.595345
vt 0.838124 0.297673
vt 0.834178 0.595345
vt 0.836137 0.297673
vt 0.832249 0.595345
vt 0.834178 0.297673
vt 0.830349 0.595345
vt 0.832249 0.297673
vt 0.828478 0.595345
vt 0.830349 0.297673
vt 0.826637 0.595345
vt 0.828479 0.297673
vt 0.824825 0.595345
vt 0.826637 0.297673
vt 0.823065 0.595345
vt 0.824825 0.297673
vt 0.821379 0.595345
vt 0.823065 0.297673
vt 0.819767 0.595345
vt 0.821379 0.297673
vt 0.818230 0.595345
vt 0.819767 0.297673
vt 0.816767 0.595345
vt 0.818230 0.297673
vt 0.815378 0.595345
vt 0.816767 0.297673
vt 0.814064 0.595345
vt 0.815378 0.297673
vt 0.812823 0.595345
vt 0.814064 0.297673
vt 0.811657 0.595345
vt 0.812823 0.297673
vt 0.810566 0.595345
vt 0.811657 0.297673
vt 0.809548 0.595345
vt 0.810566 0.297673
vt 0.808605 0.595345
vt 0.809548 0.297673
vt 0.807710 0.595345
vt 0.808605 0.297673
vt 0.806838 0.595345
vt 0.807710 0.297673
vt 0.805988 0.595345
vt 0.806838 0.297673
vt 0.805161 0.595345
vt 0.805988 0.297673
vt 0.804357 0.595345
vt 0.805161 0.297673
vt 0.803575 0.595345
vt 0.804357 0.297673
vt 0.802816 0.595345
vt 0.803575 0.297673
vt 0.802080 0.595345
vt 0.802816 0.297673
vt 0.801366 0.595345
vt 0.802080 0.297673
vt 0.800674 0.595345
vt 0.801366 0.297673
vt 0.800005 0.595345
vt 0.800674 0.297673
vt 0.799359 0.595345
vt 0.800006 0.297673
vt 0.784876 0.595345
vt 0.799359 0.297673
vt 0.892763 0.297673
vt 0.926337 0.000000
vt 0.926337 0.297673
vt 0.878525 0.893018
vt 0.904119 0.595345
vt 0.904119 0.893018
vt 0.876532 0.893018
vt 0.878525 0.595345
vt 0.874641 0.893018
vt 0.876532 0.595345
vt 0.872853 0.893018
vt 0.874641 0.595345
vt 0.871167 0.893018
vt 0.872853 0.595345
vt 0.869583 0.893018
vt 0.871167 0.595345
vt 0.868101 0.893018
vt 0.869583 0.595345
vt 0.866721 0.893018
vt 0.868101 0.595345
vt 0.865444 0.893018
vt 0.866721 0.595345
vt 0.864268 0.893018
vt 0.865444 0.595345
vt 0.863195 0.893018
vt 0.864268 0.595345
vt 0.862225 0.893018
vt 0.863195 0.595345
vt 0.861356 0.893018
vt 0.862225 0.595345
vt 0.860549 0.893018
vt 0.861356 0.595345
vt 0.859762 0.893018
vt 0.860549 0.595345
vt 0.858995 0.893018
vt 0.859762 0.595345
vt 0.858249 0.893018
vt 0.858995 0.595345
vt 0.857524 0.893018
vt 0.858249 0.595345
vt 0.856819 0.893018
vt 0.857524 0.595345
vt 0.856134 0.893018
vt 0.856819 0.595345
vt 0.855470 0.893018
vt 0.856134 0.595345
vt 0.981709 0.595345
vt 0.982374 0.297673
vt 0.982374 0.595345
vt 0.981006 0.595345
vt 0.981709 0.297673
vt 0.980263 0.595345
vt 0.981006 0.297673
vt 0.979481 0.595345
vt 0.980263 0.297673
vt 0.978670 0.595345
vt 0.979481 0.297673
vt 0.977840 0.595345
vt 0.978670 0.297673
vt 0.976992 0.595345
vt 0.977840 0.297673
vt 0.976125 0.595345
vt 0.976992 0.297673
vt 0.975240 0.595345
vt 0.976125 0.297673
vt 0.974336 0.595345
vt 0.975240 0.297673
vt 0.973413 0.595345
vt 0.974336 0.297673
vt 0.972472 0.595345
vt 0.973413 0.297673
vt 0.971512 0.595345
vt 0.972472 0.297673
vt 0.970533 0.595345
vt 0.971512 0.297673
vt 0.969536 0.595345
vt 0.970533 0.297673
vt 0.968520 0.595345
vt 0.969536 0.297673
vt 0.967067 0.595345
vt 0.968520 0.297673
vt 0.965696 0.595345
vt 0.967067 0.297673
vt 0.964407 0.595345
vt 0.965696 0.297673
vt 0.963201 0.595345
vt 0.964407 0.297673
vt 0.962076 0.595345
vt 0.963201 0.297673
vt 0.961034 0.595345
vt 0.962076 0.297673
vt 0.960074 0.595345
vt 0.961034 0.297673
vt 0.959195 0.595345
vt 0.960074 0.297673
vt 0.958399 0.595345
vt 0.959195 0.297673
vt 0.957685 0.595345
vt 0.958399 0.297673
vt 0.957053 0.595345
vt 0.957685 0.297673
vt 0.956503 0.595345
vt 0.957053 0.297673
vt 0.956033 0.595345
vt 0.956503 0.297673
vt 0.955640 0.595345
vt 0.956033 0.297673
vt 0.955324 0.595345
vt 0.955640 0.297673
vt 0.955085 0.595345
vt 0.955324 0.297673
vt 0.954923 0.595345
vt 0.955085 0.297673
vt 0.954838 0.595345
vt 0.954923 0.297673
vt 0.934618 0.297673
vt 0.934757 0.000000
vt 0.934757 0.297673
vt 0.934393 0.297673
vt 0.934618 0.000000
vt 0.934083 0.297673
vt 0.934393 0.000000
vt 0.933686 0.297673
vt 0.934083 0.000000
vt 0.933204 0.297673
vt 0.933686 0.000000
vt 0.932637 0.297673
vt 0.933205 0.000000
vt 0.932637 0.000000
vt 0.489257 0.595345
vt 0.562810 0.297673
vt 0.562810 0.595345
vt 0.693607 0.595345
vt 0.784876 0.297673
vt 0.784876 0.595345
vt 0.281381 0.297673
vt 0.408236 0.000000
vt 0.408236 0.297673
vt 0.275185 0.297673
vt 0.281381 0.000000
vt 0.275185 0.595345
vt 0.382221 0.297673
vt 0.382221 0.595345
vt 0.244855 0.595345
vt 0.254085 0.297673
vt 0.254085 0.595345
vt 0.190686 0.595345
vt 0.244855 0.297673
vt 0.186901 0.595345
vt 0.190686 0.297673
vt 0.183307 0.595345
vt 0.186901 0.297673
vt 0.179903 0.595345
vt 0.183307 0.297673
vt 0.176688 0.595345
vt 0.179903 0.297673
vt 0.173664 0.595345
vt 0.176688 0.297673
vt 0.170830 0.595345
vt 0.173664 0.297673
vt 0.168186 0.595345
vt 0.170830 0.297673
vt 0.165732 0.595345
vt 0.168186 0.297673
vt 0.163468 0.595345
vt 0.165732 0.297673
vt 0.161394 0.595345
vt 0.163468 0.297673
vt 0.159510 0.595345
vt 0.161394 0.297673
vt 0.157816 0.595345
vt 0.159510 0.297673
vt 0.156238 0.595345
vt 0.157816 0.297673
vt 0.154702 0.595345
vt 0.156238 0.297673
vt 0.153207 0.595345
vt 0.154702 0.297673
vt 0.151754 0.595345
vt 0.153207 0.297673
vt 0.150342 0.595345
vt 0.151754 0.297673
vt 0.148971 0.595345
vt 0.150342 0.297673
vt 0.147642 0.595345
vt 0.148971 0.297673
vt 0.146355 0.595345
vt 0.147642 0.297673
vt 0.145109 0.595345
vt 0.146355 0.297673
vt 0.143905 0.595345
vt 0.145109 0.297673
vt 0.142742 0.595345
vt 0.143905 0.297673
vt 0.141621 0.595345
vt 0.142742 0.297673
vt 0.140545 0.595345
vt 0.141621 0.297673
vt 0.139517 0.595345
vt 0.140545 0.297673
vt 0.138538 0.595345
vt 0.139517 0.297673
vt 0.137608 0.595345
vt 0.138538 0.297673
vt 0.136727 0.595345
vt 0.137608 0.297673
vt 0.135894 0.595345
vt 0.136727 0.297673
vt 0.135110 0.595345
vt 0.135894 0.297673
vt 0.134374 0.595345
vt 0.135110 0.297673
vt 0.133688 0.595345
vt 0.134374 0.297673
vt 0.133050 0.595345
vt 0.133688 0.297673
vt 0.132460 0.595345
vt 0.133050 0.297673
vt 0.131920 0.595345
vt 0.132460 0.297673
vt 0.131732 0.595345
vt 0.131920 0.297673
vt 0.131532 0.595345
vt 0.131732 0.297673
vt 0.131318 0.595345
vt 0.131532 0.297673
vt 0.131093 0.595345
vt 0.131319 0.297673
vt 0.130854 0.595345
vt 0.131093 0.297673
vt 0.130603 0.595345
vt 0.130854 0.297673
vt 0.130339 0.595345
vt 0.130603 0.297673
vt 0.130063 0.595345
vt 0.130339 0.297673
vt 0.129773 0.595345
vt 0.130063 0.297673
vt 0.129471 0.595345
vt 0.129773 0.297673
vt 0.129157 0.595345
vt 0.129471 0.297673
vt 0.128829 0.595345
vt 0.129157 0.297673
vt 0.255061 0.595345
vt 0.275185 0.595345
vt 0.687355 0.893018
vt 0.693225 0.595345
vt 0.693225 0.893018
vt 0.686016 0.893018
vt 0.687355 0.595345
vt 0.684754 0.893018
vt 0.686016 0.595345
vt 0.683569 0.893018
vt 0.684754 0.595345
vt 0.682462 0.893018
vt 0.683569 0.595345
vt 0.681432 0.893018
vt 0.682462 0.595345
vt 0.680478 0.893018
vt 0.681432 0.595345
vt 0.679602 0.893018
vt 0.680478 0.595345
vt 0.678803 0.893018
vt 0.679602 0.595345
vt 0.678081 0.893018
vt 0.678803 0.595345
vt 0.677437 0.893018
vt 0.678081 0.595345
vt 0.676869 0.893018
vt 0.677437 0.595345
vt 0.676379 0.893018
vt 0.676869 0.595345
vt 0.595723 0.595345
vt 0.596207 0.297673
vt 0.596207 0.595345
vt 0.595157 0.595345
vt 0.595723 0.297673
vt 0.594508 0.595345
vt 0.595157 0.297673
vt 0.593776 0.595345
vt 0.594508 0.297673
vt 0.592961 0.595345
vt 0.593776 0.297673
vt 0.592064 0.595345
vt 0.592961 0.297673
vt 0.591084 0.595345
vt 0.592064 0.297673
vt 0.590021 0.595345
vt 0.591084 0.297673
vt 0.588875 0.595345
vt 0.590021 0.297673
vt 0.587647 0.595345
vt 0.588875 0.297673
vt 0.586335 0.595345
vt 0.587647 0.297673
vt 0.584942 0.595345
vt 0.586335 0.297673
vt 0.584942 0.297673
vt 0.142134 0.297673
vt 0.148330 0.000000
vt 0.148330 0.297673
vt 0.337214 0.893018
vt 0.390996 0.595345
vt 0.390996 0.893018
vt 0.891507 0.297673
vt 0.892763 0.000000
vt 0.891005 0.297673
vt 0.891507 0.000000
vt 0.890477 0.297673
vt 0.891005 0.000000
vt 0.889922 0.297673
vt 0.890477 0.000000
vt 0.889341 0.297673
vt 0.889922 0.000000
vt 0.888734 0.297673
vt 0.889341 0.000000
vt 0.888100 0.297673
vt 0.888734 0.000000
vt 0.887439 0.297673
vt 0.888100 0.000000
vt 0.886752 0.297673
vt 0.887439 0.000000
vt 0.886038 0.297673
vt 0.886752 0.000000
vt 0.885298 0.297673
vt 0.886038 0.000000
vt 0.884532 0.297673
vt 0.885298 0.000000
vt 0.883739 0.297673
vt 0.884532 0.000000
vt 0.882820 0.297673
vt 0.883739 0.000000
vt 0.881677 0.297673
vt 0.882820 0.000000
vt 0.880310 0.297673
vt 0.881677 0.000000
vt 0.878718 0.297673
vt 0.880310 0.000000
vt 0.876902 0.297673
vt 0.878718 0.000000
vt 0.874862 0.297673
vt 0.876902 0.000000
vt 0.872597 0.297673
vt 0.874862 0.000000
vt 0.870108 0.297673
vt 0.872597 0.000000
vt 0.867394 0.297673
vt 0.870108 0.000000
vt 0.864456 0.297673
vt 0.867394 0.000000
vt 0.861293 0.297673
vt 0.864456 0.000000
vt 0.857907 0.297673
vt 0.861293 0.000000
vt 0.825824 0.297673
vt 0.857907 0.000000
vt 0.818415 0.297673
vt 0.825824 0.000000
vt 0.309529 0.893018
vt 0.337214 0.595345
vt 0.337214 0.893018
vt 0.306854 0.893018
vt 0.309529 0.595345
vt 0.304311 0.893018
vt 0.306854 0.595345
vt 0.301900 0.893018
vt 0.304311 0.595345
vt 0.299621 0.893018
vt 0.301900 0.595345
vt 0.297476 0.893018
vt 0.299621 0.595345
vt 0.295462 0.893018
vt 0.297476 0.595345
vt 0.293581 0.893018
vt 0.295462 0.595345
vt 0.291832 0.893018
vt 0.293581 0.595345
vt 0.290216 0.893018
vt 0.291832 0.595345
vt 0.288732 0.893018
vt 0.290216 0.595345
vt 0.287380 0.893018
vt 0.288732 0.595345
vt 0.286161 0.893018
vt 0.287380 0.595345
vt 0.285014 0.893018
vt 0.286161 0.595345
vt 0.283878 0.893018
vt 0.285014 0.595345
vt 0.282753 0.893018
vt 0.283878 0.595345
vt 0.281640 0.893018
vt 0.282753 0.595345
vt 0.280538 0.893018
vt 0.281640 0.595345
vt 0.998904 0.595345
vt 1.000000 0.297673
vt 1.000000 0.595345
vt 0.997768 0.595345
vt 0.998904 0.297673
vt 0.996591 0.595345
vt 0.997768 0.297673
vt 0.995374 0.595345
vt 0.996591 0.297673
vt 0.994116 0.595345
vt 0.995374 0.297673
vt 0.992817 0.595345
vt 0.994116 0.297673
vt 0.991478 0.595345
vt 0.992817 0.297673
vt 0.254871 0.595345
vt 0.255061 0.297673
vt 0.255061 0.595345
vt 0.280379 0.893018
vt 0.280538 0.595345
vt 0.280538 0.893018
vt 0.280101 0.893018
vt 0.280379 0.595345
vt 0.279705 0.893018
vt 0.280101 0.595345
vt 0.279191 0.893018
vt 0.279706 0.595345
vt 0.278558 0.893018
vt 0.279191 0.595345
vt 0.277807 0.893018
vt 0.278558 0.595345
vt 0.276938 0.893018
vt 0.277807 0.595345
vt 0.275950 0.893018
vt 0.276938 0.595345
vt 0.274844 0.893018
vt 0.275950 0.595345
vt 0.273619 0.893018
vt 0.274844 0.595345
vt 0.272276 0.893018
vt 0.273619 0.595345
vt 0.270838 0.893018
vt 0.272276 0.595345
vt 0.269330 0.893018
vt 0.270838 0.595345
vt 0.267750 0.893018
vt 0.269330 0.595345
vt 0.266098 0.893018
vt 0.267750 0.595345
vt 0.264376 0.893018
vt 0.266099 0.595345
vt 0.262583 0.893018
vt 0.264376 0.595345
vt 0.260719 0.893018
vt 0.262583 0.595345
vt 0.258783 0.893018
vt 0.260719 0.595345
vt 0.256776 0.893018
vt 0.258783 0.595345
vt 0.254699 0.893018
vt 0.256776 0.595345
vt 0.252550 0.893018
vt 0.254699 0.595345
vt 0.250330 0.893018
vt 0.252550 0.595345
vt 0.248379 0.893018
vt 0.250330 0.595345
vt 0.246452 0.893018
vt 0.248379 0.595345
vt 0.244549 0.893018
vt 0.246452 0.595345
vt 0.242670 0.893018
vt 0.244549 0.595345
vt 0.240815 0.893018
vt 0.242670 0.595345
vt 0.238984 0.893018
vt 0.240815 0.595345
vt 0.237176 0.893018
vt 0.238984 0.595345
vt 0.235392 0.893018
vt 0.237176 0.595345
vt 0.233633 0.893018
vt 0.235392 0.595345
vt 0.231897 0.893018
vt 0.233633 0.595345
vt 0.230185 0.893018
vt 0.231897 0.595345
vt 0.228496 0.893018
vt 0.230185 0.595345
vt 0.226857 0.893018
vt 0.228496 0.595345
vt 0.225293 0.893018
vt 0.226857 0.595345
vt 0.223803 0.893018
vt 0.225293 0.595345
vt 0.222387 0.893018
vt 0.223803 0.595345
vt 0.221046 0.893018
vt 0.222387 0.595345
vt 0.219779 0.893018
vt 0.221046 0.595345
vt 0.732447 0.297673
vt 0.733733 0.000000
vt 0.733733 0.297673
vt 0.731103 0.297673
vt 0.732447 0.000000
vt 0.729701 0.297673
vt 0.731103 0.000000
vt 0.728241 0.297673
vt 0.729701 0.000000
vt 0.726723 0.297673
vt 0.728241 0.000000
vt 0.725146 0.297673
vt 0.726723 0.000000
vt 0.723472 0.297673
vt 0.725146 0.000000
vt 0.721660 0.297673
vt 0.723472 0.000000
vt 0.719710 0.297673
vt 0.721660 0.000000
vt 0.717623 0.297673
vt 0.719710 0.000000
vt 0.715398 0.297673
vt 0.717623 0.000000
vt 0.713035 0.297673
vt 0.715398 0.000000
vt 0.710534 0.297673
vt 0.713035 0.000000
vt 0.707895 0.297673
vt 0.710534 0.000000
vt 0.705119 0.297673
vt 0.707895 0.000000
vt 0.702205 0.297673
vt 0.705119 0.000000
vt 0.699153 0.297673
vt 0.702205 0.000000
vt 0.695963 0.297673
vt 0.699153 0.000000
vt 0.640598 0.297673
vt 0.695963 0.000000
vt 0.275185 0.000000
vt 0.275185 0.297673
vt 0.934757 0.297673
vt 0.967448 0.000000
vt 0.967448 0.297673
vt 0.950003 0.595345
vt 0.954838 0.297673
vt 0.954838 0.595345
vt 0.949401 0.595345
vt 0.950003 0.297673
vt 0.948826 0.595345
vt 0.949401 0.297673
vt 0.948275 0.595345
vt 0.948826 0.297673
vt 0.947750 0.595345
vt 0.948275 0.297673
vt 0.947251 0.595345
vt 0.947750 0.297673
vt 0.946777 0.595345
vt 0.947251 0.297673
vt 0.946328 0.595345
vt 0.946777 0.297673
vt 0.945904 0.595345
vt 0.946328 0.297673
vt 0.945506 0.595345
vt 0.945904 0.297673
vt 0.945134 0.595345
vt 0.945507 0.297673
vt 0.944787 0.595345
vt 0.945134 0.297673
vt 0.944465 0.595345
vt 0.944787 0.297673
vt 0.944136 0.595345
vt 0.944465 0.297673
vt 0.943765 0.595345
vt 0.944136 0.297673
vt 0.943353 0.595345
vt 0.943765 0.297673
vt 0.942900 0.595345
vt 0.943353 0.297673
vt 0.942406 0.595345
vt 0.942900 0.297673
vt 0.941870 0.595345
vt 0.942406 0.297673
vt 0.941294 0.595345
vt 0.941870 0.297673
vt 0.940676 0.595345
vt 0.941294 0.297673
vt 0.940017 0.595345
vt 0.940676 0.297673
vt 0.939317 0.595345
vt 0.940017 0.297673
vt 0.938576 0.595345
vt 0.939317 0.297673
vt 0.937794 0.595345
vt 0.938576 0.297673
vt 0.936980 0.595345
vt 0.937794 0.297673
vt 0.936144 0.595345
vt 0.936980 0.297673
vt 0.935286 0.595345
vt 0.936144 0.297673
vt 0.934406 0.595345
vt 0.935286 0.297673
vt 0.933504 0.595345
vt 0.934406 0.297673
vt 0.932580 0.595345
vt 0.933504 0.297673
vt 0.931633 0.595345
vt 0.932580 0.297673
vt 0.930665 0.595345
vt 0.931633 0.297673
vt 0.929675 0.595345
vt 0.930665 0.297673
vt 0.928663 0.595345
vt 0.929675 0.297673
vt 0.927629 0.595345
vt 0.928663 0.297673
vt 0.926573 0.595345
vt 0.927629 0.297673
vt 0.925487 0.595345
vt 0.926573 0.297673
vt 0.924450 0.595345
vt 0.925487 0.297673
vt 0.923462 0.595345
vt 0.924450 0.297673
vt 0.922523 0.595345
vt 0.923462 0.297673
vt 0.921633 0.595345
vt 0.922523 0.297673
vt 0.920793 0.595345
vt 0.921633 0.297673
vt 0.920001 0.595345
vt 0.920793 0.297673
vt 0.919258 0.595345
vt 0.920001 0.297673
vt 0.918565 0.595345
vt 0.919258 0.297673
vt 0.917920 0.595345
vt 0.918565 0.297673
vt 0.917325 0.595345
vt 0.917920 0.297673
vt 0.743687 0.893018
vt 0.744275 0.595345
vt 0.744275 0.893018
vt 0.743065 0.893018
vt 0.743687 0.595345
vt 0.742420 0.893018
vt 0.743065 0.595345
vt 0.741751 0.893018
vt 0.742420 0.595345
vt 0.741058 0.893018
vt 0.741751 0.595345
vt 0.740343 0.893018
vt 0.741058 0.595345
vt 0.739604 0.893018
vt 0.740343 0.595345
vt 0.738841 0.893018
vt 0.739604 0.595345
vt 0.738056 0.893018
vt 0.738841 0.595345
vt 0.737246 0.893018
vt 0.738056 0.595345
vt 0.736414 0.893018
vt 0.737246 0.595345
vt 0.735558 0.893018
vt 0.736414 0.595345
vt 0.734679 0.893018
vt 0.735558 0.595345
vt 0.733712 0.893018
vt 0.734679 0.595345
vt 0.732593 0.893018
vt 0.733712 0.595345
vt 0.731323 0.893018
vt 0.732593 0.595345
vt 0.729902 0.893018
vt 0.731323 0.595345
vt 0.728328 0.893018
vt 0.729902 0.595345
vt 0.726603 0.893018
vt 0.728328 0.595345
vt 0.724727 0.893018
vt 0.726603 0.595345
vt 0.722699 0.893018
vt 0.724727 0.595345
vt 0.720519 0.893018
vt 0.722699 0.595345
vt 0.718187 0.893018
vt 0.720519 0.595345
vt 0.715704 0.893018
vt 0.718187 0.595345
vt 0.713069 0.893018
vt 0.715704 0.595345
vt 0.693607 0.893018
vt 0.713070 0.595345
vt 0.000000 0.297673
vt 0.006195 0.000000
vt 0.006195 0.297673
vt 0.382221 0.595345
vt 0.489257 0.297673
vt 0.489256 0.595345
vt 0.982374 0.595345
vt 0.991478 0.297673
vt 0.991478 0.595345
vt 0.973647 0.893018
vt 0.995441 0.595345
vt 0.995441 0.893018
vt 0.537066 0.297673
vt 0.640598 0.000000
vt 0.120675 0.297673
vt 0.142134 0.000000
vt 0.142134 0.297673
vt 0.111591 0.297673
vt 0.120675 0.000000
vt 0.111591 0.000000
vt 0.408236 0.297673
vt 0.537066 0.000000
vt 0.537066 0.297673
vt 0.967448 0.297673
vt 0.993753 0.000000
vt 0.993753 0.297673
vt 0.625671 0.893018
vt 0.676379 0.595345
vt 0.676379 0.893018
vt 0.117136 0.893018
vt 0.152328 0.595345
vt 0.152328 0.893018
vt 0.113079 0.893018
vt 0.117136 0.595345
vt 0.109203 0.893018
vt 0.113079 0.595345
vt 0.105509 0.893018
vt 0.109203 0.595345
vt 0.101995 0.893018
vt 0.105509 0.595345
vt 0.098663 0.893018
vt 0.101995 0.595345
vt 0.095511 0.893018
vt 0.098663 0.595345
vt 0.092541 0.893018
vt 0.095511 0.595345
vt 0.089752 0.893018
vt 0.092541 0.595345
vt 0.087143 0.893018
vt 0.089752 0.595345
vt 0.084716 0.893018
vt 0.087143 0.595345
vt 0.082470 0.893018
vt 0.084716 0.595345
vt 0.080405 0.893018
vt 0.082470 0.595345
vt 0.078506 0.893018
vt 0.080405 0.595345
vt 0.076758 0.893018
vt 0.078506 0.595345
vt 0.816716 0.297673
vt 0.818415 0.000000
vt 0.818415 0.297673
vt 0.814918 0.297673
vt 0.816716 0.000000
vt 0.813021 0.297673
vt 0.814918 0.000000
vt 0.811025 0.297673
vt 0.813021 0.000000
vt 0.808930 0.297673
vt 0.811025 0.000000
vt 0.806736 0.297673
vt 0.808930 0.000000
vt 0.804444 0.297673
vt 0.806736 0.000000
vt 0.802052 0.297673
vt 0.804444 0.000000
vt 0.799561 0.297673
vt 0.802052 0.000000
vt 0.796971 0.297673
vt 0.799561 0.000000
vt 0.794824 0.297673
vt 0.796971 0.000000
vt 0.792709 0.297673
vt 0.794824 0.000000
vt 0.790626 0.297673
vt 0.792709 0.000000
vt 0.788574 0.297673
vt 0.790626 0.000000
vt 0.786555 0.297673
vt 0.788574 0.000000
vt 0.784567 0.297673
vt 0.786555 0.000000
vt 0.782612 0.297673
vt 0.784568 0.000000
vt 0.780689 0.297673
vt 0.782612 0.000000
vt 0.778797 0.297673
vt 0.780689 0.000000
vt 0.776938 0.297673
vt 0.778797 0.000000
vt 0.775111 0.297673
vt 0.776938 0.000000
vt 0.773315 0.297673
vt 0.775111 0.000000
vt 0.771573 0.297673
vt 0.773315 0.000000
vt 0.769906 0.297673
vt 0.771573 0.000000
vt 0.768314 0.297673
vt 0.769906 0.000000
vt 0.766796 0.297673
vt 0.768314 0.000000
vt 0.765354 0.297673
vt 0.766796 0.000000
vt 0.763986 0.297673
vt 0.765354 0.000000
vt 0.762694 0.297673
vt 0.763986 0.000000
vt 0.761476 0.297673
vt 0.762694 0.000000
vt 0.760333 0.297673
vt 0.761476 0.000000
vt 0.759265 0.297673
vt 0.760333 0.000000
vt 0.758271 0.297673
vt 0.759265 0.000000
vt 0.757353 0.297673
vt 0.758271 0.000000
vt 0.756482 0.297673
vt 0.757353 0.000000
vt 0.755631 0.297673
vt 0.756482 0.000000
vt 0.754800 0.297673
vt 0.755631 0.000000
vt 0.753989 0.297673
vt 0.754800 0.000000
vt 0.753197 0.297673
vt 0.753989 0.000000
vt 0.752426 0.297673
vt 0.753197 0.000000
vt 0.751675 0.297673
vt 0.752426 0.000000
vt 0.750943 0.297673
vt 0.751675 0.000000
vt 0.750232 0.297673
vt 0.750943 0.000000
vt 0.749540 0.297673
vt 0.750232 0.000000
vt 0.748868 0.297673
vt 0.749540 0.000000
vt 0.748216 0.297673
vt 0.748868 0.000000
vt 0.733733 0.297673
vt 0.748216 0.000000
vt 0.904119 0.893018
vt 0.937694 0.595345
vt 0.937694 0.893018
vt 0.891730 0.595345
vt 0.917325 0.297673
vt 0.917325 0.595345
vt 0.889710 0.595345
vt 0.891731 0.297673
vt 0.887797 0.595345
vt 0.889710 0.297673
vt 0.885992 0.595345
vt 0.887798 0.297673
vt 0.884293 0.595345
vt 0.885992 0.297673
vt 0.882702 0.595345
vt 0.884293 0.297673
vt 0.881217 0.595345
vt 0.882702 0.297673
vt 0.879840 0.595345
vt 0.881217 0.297673
vt 0.878570 0.595345
vt 0.879840 0.297673
vt 0.877407 0.595345
vt 0.878570 0.297673
vt 0.876351 0.595345
vt 0.877407 0.297673
vt 0.875403 0.595345
vt 0.876351 0.297673
vt 0.874561 0.595345
vt 0.875403 0.297673
vt 0.873782 0.595345
vt 0.874561 0.297673
vt 0.873019 0.595345
vt 0.873782 0.297673
vt 0.872273 0.595345
vt 0.873019 0.297673
vt 0.871544 0.595345
vt 0.872273 0.297673
vt 0.870831 0.595345
vt 0.871544 0.297673
vt 0.870135 0.595345
vt 0.870831 0.297673
vt 0.869456 0.595345
vt 0.870135 0.297673
vt 0.869456 0.297673
vt 0.972983 0.893018
vt 0.973647 0.595345
vt 0.973647 0.893018
vt 0.972278 0.893018
vt 0.972983 0.595345
vt 0.971534 0.893018
vt 0.972278 0.595345
vt 0.970750 0.893018
vt 0.971534 0.595345
vt 0.969937 0.893018
vt 0.970750 0.595345
vt 0.969105 0.893018
vt 0.969937 0.595345
vt 0.968255 0.893018
vt 0.969105 0.595345
vt 0.967386 0.893018
vt 0.968255 0.595345
vt 0.966499 0.893018
vt 0.967386 0.595345
vt 0.965594 0.893018
vt 0.966499 0.595345
vt 0.964670 0.893018
vt 0.965594 0.595345
vt 0.963728 0.893018
vt 0.964670 0.595345
vt 0.962767 0.893018
vt 0.963728 0.595345
vt 0.961788 0.893018
vt 0.962767 0.595345
vt 0.960790 0.893018
vt 0.961788 0.595345
vt 0.959774 0.893018
vt 0.960790 0.595345
vt 0.958335 0.893018
vt 0.959774 0.595345
vt 0.956976 0.893018
vt 0.958335 0.595345
vt 0.955698 0.893018
vt 0.956976 0.595345
vt 0.954499 0.893018
vt 0.955698 0.595345
vt 0.953381 0.893018
vt 0.954499 0.595345
vt 0.952343 0.893018
vt 0.953381 0.595345
vt 0.951386 0.893018
vt 0.952343 0.595345
vt 0.950509 0.893018
vt 0.951386 0.595345
vt 0.949712 0.893018
vt 0.950509 0.595345
vt 0.948995 0.893018
vt 0.949712 0.595345
vt 0.948358 0.893018
vt 0.948995 0.595345
vt 0.947802 0.893018
vt 0.948358 0.595345
vt 0.947325 0.893018
vt 0.947802 0.595345
vt 0.946925 0.893018
vt 0.947325 0.595345
vt 0.946603 0.893018
vt 0.946925 0.595345
vt 0.946359 0.893018
vt 0.946603 0.595345
vt 0.946192 0.893018
vt 0.946359 0.595345
vt 0.946103 0.893018
vt 0.946192 0.595345
vt 0.945967 0.893018
vt 0.946103 0.595345
vt 0.945745 0.893018
vt 0.945967 0.595345
vt 0.945437 0.893018
vt 0.945745 0.595345
vt 0.945042 0.893018
vt 0.945437 0.595345
vt 0.944561 0.893018
vt 0.945042 0.595345
vt 0.943994 0.893018
vt 0.944561 0.595345
vt 0.943994 0.595345
vt 0.000000 0.297673
vt 0.596207 0.297673
vt 0.152328 0.595345
vt 0.000000 0.595345
vt 0.784876 0.297673
vt 0.855470 0.595345
vt 0.954838 0.297673
vt 0.693607 0.297673
vt 0.275185 0.000000
vt 0.275185 0.297673
vt 0.128829 0.297673
vt 0.255061 0.297673
vt 0.676379 0.595345
vt 0.142134 0.000000
vt 0.818415 0.000000
vt 0.280538 0.595345
vt 0.254871 0.297673
vt 0.219779 0.595345
vt 0.640598 0.000000
vt 0.934758 0.000000
vt 0.917325 0.297673
vt 0.693607 0.595345
vt 0.000000 0.000000
vt 0.382221 0.297673
vt 0.982374 0.297673
vt 0.973647 0.595345
vt 0.537066 0.000000
vt 0.408236 0.000000
vt 0.967448 0.000000
vt 0.625671 0.595345
vt 0.076758 0.595345
vt 0.733733 0.000000
vt 0.904119 0.595345
s 1
usemtl Материал
f 1/1/1 3/2/1 2/3/1
f 1/1/1 4/4/1 3/2/1
f 1/1/1 66/5/1 4/4/1
f 66/5/1 5/6/1 4/4/1
f 66/5/1 6/7/1 5/6/1
f 66/5/1 7/8/1 6/7/1
f 66/5/1 8/9/1 7/8/1
f 66/5/1 9/10/1 8/9/1
f 66/5/1 10/11/1 9/10/1
f 66/5/1 11/12/1 10/11/1
f 66/5/1 12/13/1 11/12/1
f 66/5/1 13/14/1 12/13/1
f 66/5/1 14/15/1 13/14/1
f 66/5/1 15/16/1 14/15/1
f 66/5/1 16/17/1 15/16/1
f 66/5/1 17/18/1 16/17/1
f 66/5/1 18/19/1 17/18/1
f 66/5/1 19/20/1 18/19/1
f 66/5/1 20/21/1 19/20/1
f 66/5/1 21/22/1 20/21/1
f 66/5/1 128/23/1 21/22/1
f 128/23/1 22/24/1 21/22/1
f 1/1/1 67/25/1 66/5/1
f 127/26/1 22/24/1 128/23/1
f 126/27/1 22/24/1 127/26/1
f 125/28/1 22/24/1 126/27/1
f 124/29/1 22/24/1 125/28/1
f 124/29/1 23/30/1 22/24/1
f 123/31/1 23/30/1 124/29/1
f 122/32/1 23/30/1 123/31/1
f 121/33/1 23/30/1 122/32/1
f 120/34/1 23/30/1 121/33/1
f 119/35/1 23/30/1 120/34/1
f 118/36/1 23/30/1 119/35/1
f 118/36/1 24/37/1 23/30/1
f 117/38/1 24/37/1 118/36/1
f 116/39/1 24/37/1 117/38/1
f 115/40/1 24/37/1 116/39/1
f 114/41/1 24/37/1 115/40/1
f 114/41/1 25/42/1 24/37/1
f 113/43/1 25/42/1 114/41/1
f 112/44/1 25/42/1 113/43/1
f 112/44/1 26/45/1 25/42/1
f 111/46/1 26/45/1 112/44/1
f 110/47/1 26/45/1 111/46/1
f 109/48/1 26/45/1 110/47/1
f 109/48/1 27/49/1 26/45/1
f 108/50/1 27/49/1 109/48/1
f 107/51/1 27/49/1 108/50/1
f 107/51/1 28/52/1 27/49/1
f 106/53/1 28/52/1 107/51/1
f 105/54/1 28/52/1 106/53/1
f 105/54/1 29/55/1 28/52/1
f 104/56/1 29/55/1 105/54/1
f 103/57/1 29/55/1 104/56/1
f 103/57/1 30/58/1 29/55/1
f 102/59/1 30/58/1 103/57/1
f 101/60/1 30/58/1 102/59/1
f 101/60/1 31/61/1 30/58/1
f 100/62/1 31/61/1 101/60/1
f 99/63/1 31/61/1 100/62/1
f 99/63/1 32/64/1 31/61/1
f 98/65/1 32/64/1 99/63/1
f 97/66/1 32/64/1 98/65/1
f 96/67/1 32/64/1 97/66/1
f 96/67/1 33/68/1 32/64/1
f 95/69/1 33/68/1 96/67/1
f 94/70/1 33/68/1 95/69/1
f 94/70/1 34/71/1 33/68/1
f 93/72/1 34/71/1 94/70/1
f 92/73/1 34/71/1 93/72/1
f 91/74/1 34/71/1 92/73/1
f 91/74/1 35/75/1 34/71/1
f 90/76/1 35/75/1 91/74/1
f 89/77/1 35/75/1 90/76/1
f 88/78/1 35/75/1 89/77/1
f 88/78/1 36/79/1 35/75/1
f 87/80/1 36/79/1 88/78/1
f 86/81/1 36/79/1 87/80/1
f 85/82/1 36/79/1 86/81/1
f 84/83/1 36/79/1 85/82/1
f 84/83/1 37/84/1 36/79/1
f 83/85/1 37/84/1 84/83/1
f 82/86/1 37/84/1 83/85/1
f 81/87/1 37/84/1 82/86/1
f 80/88/1 37/84/1 81/87/1
f 79/89/1 37/84/1 80/88/1
f 78/90/1 37/84/1 79/89/1
f 77/91/1 37/84/1 78/90/1
f 77/91/1 38/92/1 37/84/1
f 76/93/1 38/92/1 77/91/1
f 75/94/1 38/92/1 76/93/1
f 74/95/1 38/92/1 75/94/1
f 73/96/1 38/92/1 74/95/1
f 72/97/1 38/92/1 73/96/1
f 71/98/1 38/92/1 72/97/1
f 70/99/1 38/92/1 71/98/1
f 69/100/1 38/92/1 70/99/1
f 68/101/1 38/92/1 69/100/1
f 1/1/1 68/101/1 67/25/1
f 1/1/1 38/92/1 68/101/1
f 1/1/1 39/102/1 38/92/1
f 1/1/1 40/103/1 39/102/1
f 1/1/1 41/104/1 40/103/1
f 1/1/1 42/105/1 41/104/1
f 1/1/1 43/106/1 42/105/1
f 1/1/1 44/107/1 43/106/1
f 1/1/1 45/108/1 44/107/1
f 1/1/1 46/109/1 45/108/1
f 1/1/1 47/110/1 46/109/1
f 1/1/1 48/111/1 47/110/1
f 1/1/1 49/112/1 48/111/1
f 1/1/1 50/113/1 49/112/1
f 1/1/1 51/114/1 50/113/1
f 1/1/1 52/115/1 51/114/1
f 1/1/1 53/116/1 52/115/1
f 1/1/1 54/117/1 53/116/1
f 1/1/1 55/118/1 54/117/1
f 1/1/1 56/119/1 55/118/1
f 1/1/1 57/120/1 56/119/1
f 1/1/1 58/121/1 57/120/1
f 1/1/1 59/122/1 58/121/1
f 1/1/1 60/123/1 59/122/1
f 1/1/1 61/124/1 60/123/1
f 1/1/1 62/125/1 61/124/1
f 1/1/1 63/126/1 62/125/1
f 1/1/1 64/127/1 63/126/1
f 1/1/1 65/128/1 64/127/1
f 132/129/1 134/130/1 133/131/1
f 132/129/1 135/132/1 134/130/1
f 131/133/1 135/134/1 132/135/1
f 130/136/1 136/137/1 131/138/1
f 136/139/1 135/139/1 131/139/1
f 130/136/1 129/140/1 136/137/1
f 250/141/1 252/142/1 251/143/1
f 250/141/1 254/144/1 252/142/1
f 254/144/1 137/145/1 252/142/1
f 249/146/1 254/144/1 250/141/1
f 248/147/1 254/144/1 249/146/1
f 247/148/1 254/144/1 248/147/1
f 246/149/1 254/144/1 247/148/1
f 245/150/1 254/144/1 246/149/1
f 244/151/1 254/144/1 245/150/1
f 243/152/1 254/144/1 244/151/1
f 242/153/1 254/144/1 243/152/1
f 241/154/1 254/144/1 242/153/1
f 240/155/1 254/144/1 241/154/1
f 239/156/1 254/144/1 240/155/1
f 238/157/1 254/144/1 239/156/1
f 237/158/1 254/144/1 238/157/1
f 236/159/1 254/144/1 237/158/1
f 235/160/1 254/144/1 236/159/1
f 234/161/1 254/144/1 235/160/1
f 233/162/1 254/144/1 234/161/1
f 232/163/1 254/144/1 233/162/1
f 231/164/1 254/144/1 232/163/1
f 230/165/1 254/144/1 231/164/1
f 229/166/1 254/144/1 230/165/1
f 228/167/1 254/144/1 229/166/1
f 227/168/1 254/144/1 228/167/1
f 226/169/1 254/144/1 227/168/1
f 225/170/1 254/144/1 226/169/1
f 224/171/1 254/144/1 225/170/1
f 223/172/1 254/144/1 224/171/1
f 222/173/1 261/174/1 223/172/1
f 261/174/1 260/175/1 223/172/1
f 260/175/1 259/176/1 223/172/1
f 259/176/1 258/177/1 223/172/1
f 258/177/1 257/178/1 223/172/1
f 257/178/1 256/179/1 223/172/1
f 256/179/1 255/180/1 223/172/1
f 255/180/1 254/144/1 223/172/1
f 253/181/1 137/145/1 254/144/1
f 222/173/1 262/182/1 261/174/1
f 222/173/1 263/183/1 262/182/1
f 222/173/1 264/184/1 263/183/1
f 222/173/1 265/185/1 264/184/1
f 222/173/1 266/186/1 265/185/1
f 222/173/1 267/187/1 266/186/1
f 222/173/1 268/188/1 267/187/1
f 222/173/1 269/189/1 268/188/1
f 222/173/1 270/190/1 269/189/1
f 222/173/1 271/191/1 270/190/1
f 222/173/1 272/192/1 271/191/1
f 221/193/1 272/192/1 222/173/1
f 221/193/1 273/194/1 272/192/1
f 221/193/1 274/195/1 273/194/1
f 221/193/1 275/196/1 274/195/1
f 221/193/1 276/197/1 275/196/1
f 220/198/1 276/197/1 221/193/1
f 220/198/1 277/199/1 276/197/1
f 220/198/1 278/200/1 277/199/1
f 220/198/1 279/201/1 278/200/1
f 219/202/1 279/201/1 220/198/1
f 219/202/1 280/203/1 279/201/1
f 219/202/1 281/204/1 280/203/1
f 218/205/1 281/204/1 219/202/1
f 218/205/1 282/206/1 281/204/1
f 218/205/1 283/207/1 282/206/1
f 218/205/1 284/208/1 283/207/1
f 217/209/1 284/208/1 218/205/1
f 217/209/1 285/210/1 284/208/1
f 217/209/1 286/211/1 285/210/1
f 216/212/1 286/211/1 217/209/1
f 216/212/1 287/213/1 286/211/1
f 216/212/1 288/214/1 287/213/1
f 215/215/1 288/214/1 216/212/1
f 215/215/1 289/216/1 288/214/1
f 215/215/1 290/217/1 289/216/1
f 214/218/1 290/217/1 215/215/1
f 214/218/1 291/219/1 290/217/1
f 214/218/1 292/220/1 291/219/1
f 213/221/1 292/220/1 214/218/1
f 213/221/1 293/222/1 292/220/1
f 213/221/1 294/223/1 293/222/1
f 212/224/1 294/223/1 213/221/1
f 212/224/1 295/225/1 294/223/1
f 212/224/1 296/226/1 295/225/1
f 211/227/1 296/226/1 212/224/1
f 211/227/1 297/228/1 296/226/1
f 211/227/1 298/229/1 297/228/1
f 211/227/1 299/230/1 298/229/1
f 210/231/1 299/230/1 211/227/1
f 210/231/1 300/232/1 299/230/1
f 210/231/1 301/233/1 300/232/1
f 209/234/1 301/233/1 210/231/1
f 209/234/1 302/235/1 301/233/1
f 209/234/1 303/236/1 302/235/1
f 209/234/1 304/237/1 303/236/1
f 208/238/1 304/237/1 209/234/1
f 208/238/1 305/239/1 304/237/1
f 208/238/1 306/240/1 305/239/1
f 208/238/1 307/241/1 306/240/1
f 207/242/1 307/241/1 208/238/1
f 207/242/1 308/243/1 307/241/1
f 207/242/1 309/244/1 308/243/1
f 207/242/1 310/245/1 309/244/1
f 207/242/1 311/246/1 310/245/1
f 207/242/1 312/247/1 311/246/1
f 206/248/1 312/247/1 207/242/1
f 206/248/1 313/249/1 312/247/1
f 206/248/1 314/250/1 313/249/1
f 206/248/1 315/251/1 314/250/1
f 206/248/1 316/252/1 315/251/1
f 206/248/1 317/253/1 316/252/1
f 206/248/1 318/254/1 317/253/1
f 206/248/1 319/255/1 318/254/1
f 206/248/1 320/256/1 319/255/1
f 206/248/1 321/257/1 320/256/1
f 206/248/1 322/258/1 321/257/1
f 206/248/1 323/259/1 322/258/1
f 205/260/1 323/259/1 206/248/1
f 205/260/1 324/261/1 323/259/1
f 205/260/1 325/262/1 324/261/1
f 205/260/1 326/263/1 325/262/1
f 205/260/1 327/264/1 326/263/1
f 205/260/1 253/181/1 327/264/1
f 205/260/1 139/265/1 253/181/1
f 139/265/1 137/145/1 253/181/1
f 204/266/1 139/265/1 205/260/1
f 203/267/1 139/265/1 204/266/1
f 202/268/1 139/265/1 203/267/1
f 201/269/1 139/265/1 202/268/1
f 200/270/1 139/265/1 201/269/1
f 199/271/1 139/265/1 200/270/1
f 198/272/1 139/265/1 199/271/1
f 197/273/1 139/265/1 198/272/1
f 196/274/1 139/265/1 197/273/1
f 195/275/1 139/265/1 196/274/1
f 194/276/1 139/265/1 195/275/1
f 193/277/1 139/265/1 194/276/1
f 192/278/1 139/265/1 193/277/1
f 191/279/1 139/265/1 192/278/1
f 190/280/1 139/265/1 191/279/1
f 189/281/1 139/265/1 190/280/1
f 188/282/1 139/265/1 189/281/1
f 187/283/1 140/284/1 188/282/1
f 140/284/1 139/265/1 188/282/1
f 187/283/1 141/285/1 140/284/1
f 138/286/1 137/145/1 139/265/1
f 187/283/1 142/287/1 141/285/1
f 187/283/1 143/288/1 142/287/1
f 186/289/1 143/288/1 187/283/1
f 186/289/1 144/290/1 143/288/1
f 186/289/1 145/291/1 144/290/1
f 186/289/1 146/292/1 145/291/1
f 186/289/1 147/293/1 146/292/1
f 185/294/1 147/293/1 186/289/1
f 185/294/1 148/295/1 147/293/1
f 185/294/1 149/296/1 148/295/1
f 184/297/1 149/296/1 185/294/1
f 184/297/1 150/298/1 149/296/1
f 184/297/1 151/299/1 150/298/1
f 183/300/1 151/299/1 184/297/1
f 183/300/1 152/301/1 151/299/1
f 183/300/1 153/302/1 152/301/1
f 182/303/1 153/302/1 183/300/1
f 182/303/1 154/304/1 153/302/1
f 181/305/1 154/304/1 182/303/1
f 181/305/1 155/306/1 154/304/1
f 180/307/1 155/306/1 181/305/1
f 180/307/1 156/308/1 155/306/1
f 179/309/1 156/308/1 180/307/1
f 178/310/1 156/308/1 179/309/1
f 178/310/1 157/311/1 156/308/1
f 177/312/1 157/311/1 178/310/1
f 177/312/1 158/313/1 157/311/1
f 176/314/1 158/313/1 177/312/1
f 176/314/1 159/315/1 158/313/1
f 175/316/1 159/315/1 176/314/1
f 174/317/1 159/315/1 175/316/1
f 174/317/1 160/318/1 159/315/1
f 173/319/1 160/318/1 174/317/1
f 173/319/1 161/320/1 160/318/1
f 172/321/1 161/320/1 173/319/1
f 172/321/1 162/322/1 161/320/1
f 171/323/1 162/322/1 172/321/1
f 170/324/1 162/322/1 171/323/1
f 170/324/1 163/325/1 162/322/1
f 169/326/1 163/325/1 170/324/1
f 169/326/1 164/327/1 163/325/1
f 168/328/1 164/327/1 169/326/1
f 168/328/1 165/329/1 164/327/1
f 167/330/1 165/329/1 168/328/1
f 166/331/1 165/329/1 167/330/1
f 328/332/1 334/333/1 329/334/1
f 334/333/1 330/335/1 329/334/1
f 334/333/1 333/336/1 330/335/1
f 333/336/1 331/337/1 330/335/1
f 328/332/1 335/338/1 334/333/1
f 332/339/1 331/337/1 333/336/1
f 409/340/1 335/338/1 328/332/1
f 409/340/1 336/341/1 335/338/1
f 409/340/1 337/342/1 336/341/1
f 409/340/1 338/343/1 337/342/1
f 409/340/1 339/344/1 338/343/1
f 409/340/1 340/345/1 339/344/1
f 409/340/1 341/346/1 340/345/1
f 408/347/1 341/346/1 409/340/1
f 408/347/1 342/348/1 341/346/1
f 407/349/1 342/348/1 408/347/1
f 406/350/1 342/348/1 407/349/1
f 406/350/1 343/351/1 342/348/1
f 405/352/1 343/351/1 406/350/1
f 404/353/1 343/351/1 405/352/1
f 403/354/1 343/351/1 404/353/1
f 403/354/1 344/355/1 343/351/1
f 402/356/1 344/355/1 403/354/1
f 401/357/1 344/355/1 402/356/1
f 401/357/1 345/358/1 344/355/1
f 400/359/1 345/358/1 401/357/1
f 399/360/1 345/358/1 400/359/1
f 398/361/1 345/358/1 399/360/1
f 397/362/1 345/358/1 398/361/1
f 397/362/1 346/363/1 345/358/1
f 396/364/1 346/363/1 397/362/1
f 395/365/1 346/363/1 396/364/1
f 394/366/1 346/363/1 395/365/1
f 393/367/1 346/363/1 394/366/1
f 392/368/1 346/363/1 393/367/1
f 391/369/1 346/363/1 392/368/1
f 391/369/1 347/370/1 346/363/1
f 390/371/1 347/370/1 391/369/1
f 389/372/1 347/370/1 390/371/1
f 388/373/1 347/370/1 389/372/1
f 387/374/1 347/370/1 388/373/1
f 383/375/1 385/376/1 384/377/1
f 386/378/1 347/370/1 387/374/1
f 385/376/1 347/370/1 386/378/1
f 383/375/1 347/370/1 385/376/1
f 383/375/1 348/379/1 347/370/1
f 383/375/1 349/380/1 348/379/1
f 383/375/1 350/381/1 349/380/1
f 383/375/1 351/382/1 350/381/1
f 383/375/1 352/383/1 351/382/1
f 383/375/1 353/384/1 352/383/1
f 383/375/1 354/385/1 353/384/1
f 383/375/1 355/386/1 354/385/1
f 383/375/1 356/387/1 355/386/1
f 383/375/1 357/388/1 356/387/1
f 383/375/1 358/389/1 357/388/1
f 383/375/1 359/390/1 358/389/1
f 383/375/1 360/391/1 359/390/1
f 383/375/1 361/392/1 360/391/1
f 383/375/1 362/393/1 361/392/1
f 383/375/1 363/394/1 362/393/1
f 383/375/1 364/395/1 363/394/1
f 383/375/1 365/396/1 364/395/1
f 383/375/1 366/397/1 365/396/1
f 383/375/1 367/398/1 366/397/1
f 382/399/1 367/398/1 383/375/1
f 381/400/1 367/398/1 382/399/1
f 380/401/1 367/398/1 381/400/1
f 380/401/1 368/402/1 367/398/1
f 379/403/1 368/402/1 380/401/1
f 378/404/1 368/402/1 379/403/1
f 378/404/1 369/405/1 368/402/1
f 377/406/1 369/405/1 378/404/1
f 376/407/1 369/405/1 377/406/1
f 375/408/1 369/405/1 376/407/1
f 375/408/1 370/409/1 369/405/1
f 374/410/1 370/409/1 375/408/1
f 373/411/1 370/409/1 374/410/1
f 373/411/1 371/412/1 370/409/1
f 372/413/1 371/412/1 373/411/1
f 410/414/1 414/415/1 411/416/1
f 414/415/1 412/417/1 411/416/1
f 414/415/1 413/418/1 412/417/1
f 410/414/1 415/419/1 414/415/1
f 410/414/1 489/420/1 415/419/1
f 489/420/1 416/421/1 415/419/1
f 489/420/1 417/422/1 416/421/1
f 489/420/1 418/423/1 417/422/1
f 489/420/1 419/424/1 418/423/1
f 489/420/1 420/425/1 419/424/1
f 489/420/1 421/426/1 420/425/1
f 489/420/1 422/427/1 421/426/1
f 489/420/1 423/428/1 422/427/1
f 489/420/1 424/429/1 423/428/1
f 489/420/1 425/430/1 424/429/1
f 489/420/1 426/431/1 425/430/1
f 489/420/1 427/432/1 426/431/1
f 489/420/1 428/433/1 427/432/1
f 489/420/1 429/434/1 428/433/1
f 489/420/1 430/435/1 429/434/1
f 489/420/1 431/436/1 430/435/1
f 489/420/1 432/437/1 431/436/1
f 489/420/1 433/438/1 432/437/1
f 489/420/1 434/439/1 433/438/1
f 489/420/1 435/440/1 434/439/1
f 489/420/1 436/441/1 435/440/1
f 489/420/1 437/442/1 436/441/1
f 489/420/1 438/443/1 437/442/1
f 489/420/1 439/444/1 438/443/1
f 489/420/1 440/445/1 439/444/1
f 489/420/1 441/446/1 440/445/1
f 489/420/1 442/447/1 441/446/1
f 489/420/1 443/448/1 442/447/1
f 489/420/1 551/449/1 443/448/1
f 551/449/1 550/450/1 443/448/1
f 550/450/1 444/451/1 443/448/1
f 410/414/1 490/452/1 489/420/1
f 549/453/1 444/451/1 550/450/1
f 548/454/1 444/451/1 549/453/1
f 547/455/1 444/451/1 548/454/1
f 546/456/1 444/451/1 547/455/1
f 545/457/1 444/451/1 546/456/1
f 544/458/1 444/451/1 545/457/1
f 543/459/1 444/451/1 544/458/1
f 543/459/1 445/460/1 444/451/1
f 542/461/1 445/460/1 543/459/1
f 541/462/1 445/460/1 542/461/1
f 540/463/1 445/460/1 541/462/1
f 540/463/1 446/464/1 445/460/1
f 539/465/1 446/464/1 540/463/1
f 538/466/1 446/464/1 539/465/1
f 537/467/1 446/464/1 538/466/1
f 537/467/1 447/468/1 446/464/1
f 536/469/1 447/468/1 537/467/1
f 535/470/1 447/468/1 536/469/1
f 535/470/1 448/471/1 447/468/1
f 534/472/1 448/471/1 535/470/1
f 533/473/1 448/471/1 534/472/1
f 533/473/1 449/474/1 448/471/1
f 532/475/1 449/474/1 533/473/1
f 531/476/1 449/474/1 532/475/1
f 531/476/1 450/477/1 449/474/1
f 530/478/1 450/477/1 531/476/1
f 529/479/1 450/477/1 530/478/1
f 529/479/1 451/480/1 450/477/1
f 528/481/1 451/480/1 529/479/1
f 528/481/1 452/482/1 451/480/1
f 527/483/1 452/482/1 528/481/1
f 526/484/1 452/482/1 527/483/1
f 526/484/1 453/485/1 452/482/1
f 525/486/1 453/485/1 526/484/1
f 524/487/1 453/485/1 525/486/1
f 524/487/1 454/488/1 453/485/1
f 523/489/1 454/488/1 524/487/1
f 522/490/1 454/488/1 523/489/1
f 522/490/1 455/491/1 454/488/1
f 521/492/1 455/491/1 522/490/1
f 520/493/1 455/491/1 521/492/1
f 520/493/1 456/494/1 455/491/1
f 519/495/1 456/494/1 520/493/1
f 518/496/1 456/494/1 519/495/1
f 517/497/1 456/494/1 518/496/1
f 517/497/1 457/498/1 456/494/1
f 516/499/1 457/498/1 517/497/1
f 515/500/1 457/498/1 516/499/1
f 515/500/1 458/501/1 457/498/1
f 514/502/1 458/501/1 515/500/1
f 513/503/1 458/501/1 514/502/1
f 512/504/1 458/501/1 513/503/1
f 512/504/1 459/505/1 458/501/1
f 511/506/1 459/505/1 512/504/1
f 510/507/1 459/505/1 511/506/1
f 509/508/1 459/505/1 510/507/1
f 508/509/1 459/505/1 509/508/1
f 508/509/1 460/510/1 459/505/1
f 507/511/1 460/510/1 508/509/1
f 506/512/1 460/510/1 507/511/1
f 505/513/1 460/510/1 506/512/1
f 504/514/1 460/510/1 505/513/1
f 503/515/1 460/510/1 504/514/1
f 502/516/1 460/510/1 503/515/1
f 502/516/1 461/517/1 460/510/1
f 501/518/1 461/517/1 502/516/1
f 500/519/1 461/517/1 501/518/1
f 499/520/1 461/517/1 500/519/1
f 498/521/1 461/517/1 499/520/1
f 497/522/1 461/517/1 498/521/1
f 496/523/1 461/517/1 497/522/1
f 495/524/1 461/517/1 496/523/1
f 494/525/1 461/517/1 495/524/1
f 493/526/1 461/517/1 494/525/1
f 492/527/1 461/517/1 493/526/1
f 491/528/1 461/517/1 492/527/1
f 410/414/1 491/528/1 490/452/1
f 410/414/1 461/517/1 491/528/1
f 410/414/1 462/529/1 461/517/1
f 410/414/1 463/530/1 462/529/1
f 410/414/1 464/531/1 463/530/1
f 410/414/1 465/532/1 464/531/1
f 410/414/1 466/533/1 465/532/1
f 410/414/1 467/534/1 466/533/1
f 410/414/1 468/535/1 467/534/1
f 410/414/1 469/536/1 468/535/1
f 410/414/1 470/537/1 469/536/1
f 410/414/1 471/538/1 470/537/1
f 410/414/1 472/539/1 471/538/1
f 410/414/1 473/540/1 472/539/1
f 410/414/1 474/541/1 473/540/1
f 410/414/1 475/542/1 474/541/1
f 410/414/1 476/543/1 475/542/1
f 410/414/1 477/544/1 476/543/1
f 410/414/1 478/545/1 477/544/1
f 410/414/1 479/546/1 478/545/1
f 410/414/1 480/547/1 479/546/1
f 410/414/1 481/548/1 480/547/1
f 410/414/1 482/549/1 481/548/1
f 410/414/1 483/550/1 482/549/1
f 410/414/1 484/551/1 483/550/1
f 410/414/1 485/552/1 484/551/1
f 410/414/1 486/553/1 485/552/1
f 410/414/1 487/554/1 486/553/1
f 410/414/1 488/555/1 487/554/1
f 552/556/2 553/557/2 554/558/2
f 552/556/2 554/558/2 555/559/2
f 552/556/2 555/559/2 617/560/2
f 617/560/2 555/559/2 556/561/2
f 617/560/2 556/561/2 557/562/2
f 617/560/2 557/562/2 558/563/2
f 617/560/2 558/563/2 559/564/2
f 617/560/2 559/564/2 560/565/2
f 617/560/2 560/565/2 561/566/2
f 617/560/2 561/566/2 562/567/2
f 617/560/2 562/567/2 563/568/2
f 617/560/2 563/568/2 564/569/2
f 617/560/2 564/569/2 565/570/2
f 617/560/2 565/570/2 566/571/2
f 617/560/2 566/571/2 567/572/2
f 617/560/2 567/572/2 568/573/2
f 617/560/2 568/573/2 569/574/2
f 617/560/2 569/574/2 570/575/2
f 617/560/2 570/575/2 571/576/2
f 617/560/2 571/576/2 572/577/2
f 617/560/2 572/577/2 679/578/2
f 679/578/2 572/577/2 573/579/2
f 552/556/2 617/560/2 618/580/2
f 678/581/2 679/578/2 573/579/2
f 677/582/2 678/581/2 573/579/2
f 676/583/2 677/582/2 573/579/2
f 675/584/2 676/583/2 573/579/2
f 675/584/2 573/579/2 574/585/2
f 674/586/2 675/584/2 574/585/2
f 673/587/2 674/586/2 574/585/2
f 672/588/2 673/587/2 574/585/2
f 671/589/2 672/588/2 574/585/2
f 670/590/2 671/589/2 574/585/2
f 669/591/2 670/590/2 574/585/2
f 669/591/2 574/585/2 575/592/2
f 668/593/2 669/591/2 575/592/2
f 667/594/2 668/593/2 575/592/2
f 666/595/2 667/594/2 575/592/2
f 665/596/2 666/595/2 575/592/2
f 665/596/2 575/592/2 576/597/2
f 664/598/2 665/596/2 576/597/2
f 663/599/2 664/598/2 576/597/2
f 663/599/2 576/597/2 577/600/2
f 662/601/2 663/599/2 577/600/2
f 661/602/2 662/601/2 577/600/2
f 660/603/2 661/602/2 577/600/2
f 660/603/2 577/600/2 578/604/2
f 659/605/2 660/603/2 578/604/2
f 658/606/2 659/605/2 578/604/2
f 658/606/2 578/604/2 579/607/2
f 657/608/2 658/606/2 579/607/2
f 656/609/2 657/608/2 579/607/2
f 656/609/2 579/607/2 580/610/2
f 655/611/2 656/609/2 580/610/2
f 654/612/2 655/611/2 580/610/2
f 654/612/2 580/610/2 581/613/2
f 653/614/2 654/612/2 581/613/2
f 652/615/2 653/614/2 581/613/2
f 652/615/2 581/613/2 582/616/2
f 651/617/2 652/615/2 582/616/2
f 650/618/2 651/617/2 582/616/2
f 650/618/2 582/616/2 583/619/2
f 649/620/2 650/618/2 583/619/2
f 648/621/2 649/620/2 583/619/2
f 647/622/2 648/621/2 583/619/2
f 647/622/2 583/619/2 584/623/2
f 646/624/2 647/622/2 584/623/2
f 645/625/2 646/624/2 584/623/2
f 645/625/2 584/623/2 585/626/2
f 644/627/2 645/625/2 585/626/2
f 643/628/2 644/627/2 585/626/2
f 642/629/2 643/628/2 585/626/2
f 642/629/2 585/626/2 586/630/2
f 641/631/2 642/629/2 586/630/2
f 640/632/2 641/631/2 586/630/2
f 639/633/2 640/632/2 586/630/2
f 639/633/2 586/630/2 587/634/2
f 638/635/2 639/633/2 587/634/2
f 637/636/2 638/635/2 587/634/2
f 636/637/2 637/636/2 587/634/2
f 635/638/2 636/637/2 587/634/2
f 635/638/2 587/634/2 588/639/2
f 634/640/2 635/638/2 588/639/2
f 633/641/2 634/640/2 588/639/2
f 632/642/2 633/641/2 588/639/2
f 631/643/2 632/642/2 588/639/2
f 630/644/2 631/643/2 588/639/2
f 629/645/2 630/644/2 588/639/2
f 628/646/2 629/645/2 588/639/2
f 628/646/2 588/639/2 589/647/2
f 627/648/2 628/646/2 589/647/2
f 626/649/2 627/648/2 589/647/2
f 625/650/2 626/649/2 589/647/2
f 624/651/2 625/650/2 589/647/2
f 623/652/2 624/651/2 589/647/2
f 622/653/2 623/652/2 589/647/2
f 621/654/2 622/653/2 589/647/2
f 620/655/2 621/654/2 589/647/2
f 619/656/2 620/655/2 589/647/2
f 552/556/2 618/580/2 619/656/2
f 552/556/2 619/656/2 589/647/2
f 552/556/2 589/647/2 590/657/2
f 552/556/2 590/657/2 591/658/2
f 552/556/2 591/658/2 592/659/2
f 552/556/2 592/659/2 593/660/2
f 552/556/2 593/660/2 594/661/2
f 552/556/2 594/661/2 595/662/2
f 552/556/2 595/662/2 596/663/2
f 552/556/2 596/663/2 597/664/2
f 552/556/2 597/664/2 598/665/2
f 552/556/2 598/665/2 599/666/2
f 552/556/2 599/666/2 600/667/2
f 552/556/2 600/667/2 601/668/2
f 552/556/2 601/668/2 602/669/2
f 552/556/2 602/669/2 603/670/2
f 552/556/2 603/670/2 604/671/2
f 552/556/2 604/671/2 605/672/2
f 552/556/2 605/672/2 606/673/2
f 552/556/2 606/673/2 607/674/2
f 552/556/2 607/674/2 608/675/2
f 552/556/2 608/675/2 609/676/2
f 552/556/2 609/676/2 610/677/2
f 552/556/2 610/677/2 611/678/2
f 552/556/2 611/678/2 612/679/2
f 552/556/2 612/679/2 613/680/2
f 552/556/2 613/680/2 614/681/2
f 552/556/2 614/681/2 615/682/2
f 552/556/2 615/682/2 616/683/2
f 683/684/2 684/685/2 685/129/2
f 683/684/2 685/129/2 686/686/2
f 682/139/1 683/139/1 686/139/1
f 681/687/2 682/688/2 687/137/2
f 687/139/1 682/139/1 686/139/1
f 681/687/2 687/137/2 680/689/2
f 801/690/2 802/691/2 803/692/2
f 801/690/2 803/692/2 805/693/2
f 805/693/2 803/692/2 688/145/2
f 800/694/2 801/690/2 805/693/2
f 799/695/2 800/694/2 805/693/2
f 798/696/2 799/695/2 805/693/2
f 797/697/2 798/696/2 805/693/2
f 796/698/2 797/697/2 805/693/2
f 795/699/2 796/698/2 805/693/2
f 794/700/2 795/699/2 805/693/2
f 793/701/2 794/700/2 805/693/2
f 792/702/2 793/701/2 805/693/2
f 791/703/2 792/702/2 805/693/2
f 790/704/2 791/703/2 805/693/2
f 789/705/2 790/704/2 805/693/2
f 788/706/2 789/705/2 805/693/2
f 787/707/2 788/706/2 805/693/2
f 786/708/2 787/707/2 805/693/2
f 785/709/2 786/708/2 805/693/2
f 784/710/2 785/709/2 805/693/2
f 783/711/2 784/710/2 805/693/2
f 782/712/2 783/711/2 805/693/2
f 781/713/2 782/712/2 805/693/2
f 780/714/2 781/713/2 805/693/2
f 779/715/2 780/714/2 805/693/2
f 778/716/2 779/715/2 805/693/2
f 777/717/2 778/716/2 805/693/2
f 776/718/2 777/717/2 805/693/2
f 775/719/2 776/718/2 805/693/2
f 774/720/2 775/719/2 805/693/2
f 773/721/2 774/720/2 812/722/2
f 812/722/2 774/720/2 811/723/2
f 811/723/2 774/720/2 810/724/2
f 810/724/2 774/720/2 809/725/2
f 809/725/2 774/720/2 808/726/2
f 808/726/2 774/720/2 807/727/2
f 807/727/2 774/720/2 806/728/2
f 806/728/2 774/720/2 805/693/2
f 804/729/2 805/693/2 688/145/2
f 773/721/2 812/722/2 813/730/2
f 773/721/2 813/730/2 814/731/2
f 773/721/2 814/731/2 815/732/2
f 773/721/2 815/732/2 816/733/2
f 773/721/2 816/733/2 817/734/2
f 773/721/2 817/734/2 818/735/2
f 773/721/2 818/735/2 819/736/2
f 773/721/2 819/736/2 820/737/2
f 773/721/2 820/737/2 821/738/2
f 773/721/2 821/738/2 822/739/2
f 773/721/2 822/739/2 823/740/2
f 772/741/2 773/721/2 823/740/2
f 772/741/2 823/740/2 824/742/2
f 772/741/2 824/742/2 825/743/2
f 772/741/2 825/743/2 826/744/2
f 772/741/2 826/744/2 827/745/2
f 771/746/2 772/741/2 827/745/2
f 771/746/2 827/745/2 828/747/2
f 771/746/2 828/747/2 829/748/2
f 771/746/2 829/748/2 830/749/2
f 770/750/2 771/746/2 830/749/2
f 770/750/2 830/749/2 831/751/2
f 770/750/2 831/751/2 832/752/2
f 769/753/2 770/750/2 832/752/2
f 769/753/2 832/752/2 833/754/2
f 769/753/2 833/754/2 834/755/2
f 769/753/2 834/755/2 835/756/2
f 768/757/2 769/753/2 835/756/2
f 768/757/2 835/756/2 836/758/2
f 768/757/2 836/758/2 837/759/2
f 767/760/2 768/757/2 837/759/2
f 767/760/2 837/759/2 838/761/2
f 767/760/2 838/761/2 839/762/2
f 766/763/2 767/760/2 839/762/2
f 766/763/2 839/762/2 840/764/2
f 766/763/2 840/764/2 841/765/2
f 765/766/2 766/763/2 841/765/2
f 765/766/2 841/765/2 842/767/2
f 765/766/2 842/767/2 843/768/2
f 764/769/2 765/766/2 843/768/2
f 764/769/2 843/768/2 844/770/2
f 764/769/2 844/770/2 845/771/2
f 763/772/2 764/769/2 845/771/2
f 763/772/2 845/771/2 846/773/2
f 763/772/2 846/773/2 847/774/2
f 762/775/2 763/772/2 847/774/2
f 762/775/2 847/774/2 848/776/2
f 762/775/2 848/776/2 849/777/2
f 762/775/2 849/777/2 850/778/2
f 761/779/2 762/775/2 850/778/2
f 761/779/2 850/778/2 851/780/2
f 761/779/2 851/780/2 852/781/2
f 760/782/2 761/779/2 852/781/2
f 760/782/2 852/781/2 853/783/2
f 760/782/2 853/783/2 854/784/2
f 760/782/2 854/784/2 855/785/2
f 759/786/2 760/782/2 855/785/2
f 759/786/2 855/785/2 856/787/2
f 759/786/2 856/787/2 857/788/2
f 759/786/2 857/788/2 858/789/2
f 758/790/2 759/786/2 858/789/2
f 758/790/2 858/789/2 859/791/2
f 758/790/2 859/791/2 860/792/2
f 758/790/2 860/792/2 861/793/2
f 758/790/2 861/793/2 862/794/2
f 758/790/2 862/794/2 863/795/2
f 757/796/2 758/790/2 863/795/2
f 757/796/2 863/795/2 864/797/2
f 757/796/2 864/797/2 865/798/2
f 757/796/2 865/798/2 866/799/2
f 757/796/2 866/799/2 867/800/2
f 757/796/2 867/800/2 868/801/2
f 757/796/2 868/801/2 869/802/2
f 757/796/2 869/802/2 870/803/2
f 757/796/2 870/803/2 871/804/2
f 757/796/2 871/804/2 872/805/2
f 757/796/2 872/805/2 873/806/2
f 757/796/2 873/806/2 874/807/2
f 756/808/2 757/796/2 874/807/2
f 756/808/2 874/807/2 875/809/2
f 756/808/2 875/809/2 876/810/2
f 756/808/2 876/810/2 877/811/2
f 756/808/2 877/811/2 878/812/2
f 756/808/2 878/812/2 804/729/2
f 756/808/2 804/729/2 690/813/2
f 690/813/2 804/729/2 688/145/2
f 755/814/2 756/808/2 690/813/2
f 754/815/2 755/814/2 690/813/2
f 753/816/2 754/815/2 690/813/2
f 752/817/2 753/816/2 690/813/2
f 751/818/2 752/817/2 690/813/2
f 750/819/2 751/818/2 690/813/2
f 749/820/2 750/819/2 690/813/2
f 748/821/2 749/820/2 690/813/2
f 747/822/2 748/821/2 690/813/2
f 746/823/2 747/822/2 690/813/2
f 745/824/2 746/823/2 690/813/2
f 744/825/2 745/824/2 690/813/2
f 743/826/2 744/825/2 690/813/2
f 742/827/2 743/826/2 690/813/2
f 741/828/2 742/827/2 690/813/2
f 740/829/2 741/828/2 690/813/2
f 739/830/2 740/829/2 690/813/2
f 738/831/2 739/830/2 691/832/2
f 691/832/2 739/830/2 690/813/2
f 738/831/2 691/832/2 692/833/2
f 689/834/2 690/813/2 688/145/2
f 738/831/2 692/833/2 693/835/2
f 738/831/2 693/835/2 694/836/2
f 737/837/2 738/831/2 694/836/2
f 737/837/2 694/836/2 695/838/2
f 737/837/2 695/838/2 696/839/2
f 737/837/2 696/839/2 697/840/2
f 737/837/2 697/840/2 698/841/2
f 736/842/2 737/837/2 698/841/2
f 736/842/2 698/841/2 699/843/2
f 736/842/2 699/843/2 700/844/2
f 735/845/2 736/842/2 700/844/2
f 735/845/2 700/844/2 701/846/2
f 735/845/2 701/846/2 702/847/2
f 734/848/2 735/845/2 702/847/2
f 734/848/2 702/847/2 703/849/2
f 734/848/2 703/849/2 704/850/2
f 733/851/2 734/848/2 704/850/2
f 733/851/2 704/850/2 705/852/2
f 732/853/2 733/851/2 705/852/2
f 732/853/2 705/852/2 706/854/2
f 731/855/2 732/853/2 706/854/2
f 731/855/2 706/854/2 707/856/2
f 730/857/2 731/855/2 707/856/2
f 729/858/2 730/857/2 707/856/2
f 729/858/2 707/856/2 708/859/2
f 728/860/2 729/858/2 708/859/2
f 728/860/2 708/859/2 709/861/2
f 727/862/2 728/860/2 709/861/2
f 727/862/2 709/861/2 710/863/2
f 726/864/2 727/862/2 710/863/2
f 725/865/2 726/864/2 710/863/2
f 725/865/2 710/863/2 711/866/2
f 724/867/2 725/865/2 711/866/2
f 724/867/2 711/866/2 712/868/2
f 723/869/2 724/867/2 712/868/2
f 723/869/2 712/868/2 713/870/2
f 722/871/2 723/869/2 713/870/2
f 721/872/2 722/871/2 713/870/2
f 721/872/2 713/870/2 714/873/2
f 720/874/2 721/872/2 714/873/2
f 720/874/2 714/873/2 715/875/2
f 719/876/2 720/874/2 715/875/2
f 719/876/2 715/875/2 716/877/2
f 718/878/2 719/876/2 716/877/2
f 717/879/2 718/878/2 716/877/2
f 879/880/2 880/881/2 885/882/2
f 885/882/2 880/881/2 881/883/2
f 885/882/2 881/883/2 884/884/2
f 884/884/2 881/883/2 882/885/2
f 879/880/2 885/882/2 886/886/2
f 883/887/2 884/884/2 882/885/2
f 960/888/2 879/880/2 886/886/2
f 960/888/2 886/886/2 887/889/2
f 960/888/2 887/889/2 888/890/2
f 960/888/2 888/890/2 889/891/2
f 960/888/2 889/891/2 890/892/2
f 960/888/2 890/892/2 891/893/2
f 960/888/2 891/893/2 892/894/2
f 959/895/2 960/888/2 892/894/2
f 959/895/2 892/894/2 893/896/2
f 958/897/2 959/895/2 893/896/2
f 957/898/2 958/897/2 893/896/2
f 957/898/2 893/896/2 894/899/2
f 956/900/2 957/898/2 894/899/2
f 955/901/2 956/900/2 894/899/2
f 954/902/2 955/901/2 894/899/2
f 954/902/2 894/899/2 895/903/2
f 953/904/2 954/902/2 895/903/2
f 952/905/2 953/904/2 895/903/2
f 952/905/2 895/903/2 896/906/2
f 951/907/2 952/905/2 896/906/2
f 950/908/2 951/907/2 896/906/2
f 949/909/2 950/908/2 896/906/2
f 948/910/2 949/909/2 896/906/2
f 948/910/2 896/906/2 897/911/2
f 947/912/2 948/910/2 897/911/2
f 946/913/2 947/912/2 897/911/2
f 945/914/2 946/913/2 897/911/2
f 944/915/2 945/914/2 897/911/2
f 943/916/2 944/915/2 897/911/2
f 942/917/2 943/916/2 897/911/2
f 942/917/2 897/911/2 898/918/2
f 941/919/2 942/917/2 898/918/2
f 940/920/2 941/919/2 898/918/2
f 939/921/2 940/920/2 898/918/2
f 938/922/2 939/921/2 898/918/2
f 934/923/2 935/924/2 936/925/2
f 937/926/2 938/922/2 898/918/2
f 936/925/2 937/926/2 898/918/2
f 934/923/2 936/925/2 898/918/2
f 934/923/2 898/918/2 899/927/2
f 934/923/2 899/927/2 900/928/2
f 934/923/2 900/928/2 901/929/2
f 934/923/2 901/929/2 902/930/2
f 934/923/2 902/930/2 903/931/2
f 934/923/2 903/931/2 904/932/2
f 934/923/2 904/932/2 905/933/2
f 934/923/2 905/933/2 906/934/2
f 934/923/2 906/934/2 907/935/2
f 934/923/2 907/935/2 908/936/2
f 934/923/2 908/936/2 909/937/2
f 934/923/2 909/937/2 910/938/2
f 934/923/2 910/938/2 911/939/2
f 934/923/2 911/939/2 912/940/2
f 934/923/2 912/940/2 913/941/2
f 934/923/2 913/941/2 914/942/2
f 934/923/2 914/942/2 915/943/2
f 934/923/2 915/943/2 916/944/2
f 934/923/2 916/944/2 917/945/2
f 934/923/2 917/945/2 918/946/2
f 933/947/2 934/923/2 918/946/2
f 932/948/2 933/947/2 918/946/2
f 931/949/2 932/948/2 918/946/2
f 931/949/2 918/946/2 919/950/2
f 930/951/2 931/949/2 919/950/2
f 929/952/2 930/951/2 919/950/2
f 929/952/2 919/950/2 920/953/2
f 928/954/2 929/952/2 920/953/2
f 927/955/2 928/954/2 920/953/2
f 926/956/2 927/955/2 920/953/2
f 926/956/2 920/953/2 921/957/2
f 925/958/2 926/956/2 921/957/2
f 924/959/2 925/958/2 921/957/2
f 924/959/2 921/957/2 922/960/2
f 923/961/2 924/959/2 922/960/2
f 961/962/2 962/963/2 965/964/2
f 965/964/2 962/963/2 963/965/2
f 965/964/2 963/965/2 964/966/2
f 961/962/2 965/964/2 966/967/2
f 961/962/2 966/967/2 1040/968/2
f 1040/968/2 966/967/2 967/969/2
f 1040/968/2 967/969/2 968/970/2
f 1040/968/2 968/970/2 969/971/2
f 1040/968/2 969/971/2 970/972/2
f 1040/968/2 970/972/2 971/973/2
f 1040/968/2 971/973/2 972/974/2
f 1040/968/2 972/974/2 973/975/2
f 1040/968/2 973/975/2 974/976/2
f 1040/968/2 974/976/2 975/977/2
f 1040/968/2 975/977/2 976/978/2
f 1040/968/2 976/978/2 977/979/2
f 1040/968/2 977/979/2 978/980/2
f 1040/968/2 978/980/2 979/981/2
f 1040/968/2 979/981/2 980/982/2
f 1040/968/2 980/982/2 981/983/2
f 1040/968/2 981/983/2 982/984/2
f 1040/968/2 982/984/2 983/985/2
f 1040/968/2 983/985/2 984/986/2
f 1040/968/2 984/986/2 985/987/2
f 1040/968/2 985/987/2 986/988/2
f 1040/968/2 986/988/2 987/989/2
f 1040/968/2 987/989/2 988/990/2
f 1040/968/2 988/990/2 989/991/2
f 1040/968/2 989/991/2 990/992/2
f 1040/968/2 990/992/2 991/993/2
f 1040/968/2 991/993/2 992/994/2
f 1040/968/2 992/994/2 993/995/2
f 1040/968/2 993/995/2 994/996/2
f 1040/968/2 994/996/2 1102/997/2
f 1102/997/2 994/996/2 1101/998/2
f 1101/998/2 994/996/2 995/999/2
f 961/962/2 1040/968/2 1041/1000/2
f 1100/1001/2 1101/998/2 995/999/2
f 1099/1002/2 1100/1001/2 995/999/2
f 1098/1003/2 1099/1002/2 995/999/2
f 1097/1004/2 1098/1003/2 995/999/2
f 1096/1005/2 1097/1004/2 995/999/2
f 1095/1006/2 1096/1005/2 995/999/2
f 1094/1007/2 1095/1006/2 995/999/2
f 1094/1007/2 995/999/2 996/1008/2
f 1093/1009/2 1094/1007/2 996/1008/2
f 1092/1010/2 1093/1009/2 996/1008/2
f 1091/1011/2 1092/1010/2 996/1008/2
f 1091/1011/2 996/1008/2 997/1012/2
f 1090/1013/2 1091/1011/2 997/1012/2
f 1089/1014/2 1090/1013/2 997/1012/2
f 1088/1015/2 1089/1014/2 997/1012/2
f 1088/1015/2 997/1012/2 998/1016/2
f 1087/1017/2 1088/1015/2 998/1016/2
f 1086/1018/2 1087/1017/2 998/1016/2
f 1086/1018/2 998/1016/2 999/1019/2
f 1085/1020/2 1086/1018/2 999/1019/2
f 1084/1021/2 1085/1020/2 999/1019/2
f 1084/1021/2 999/1019/2 1000/1022/2
f 1083/1023/2 1084/1021/2 1000/1022/2
f 1082/1024/2 1083/1023/2 1000/1022/2
f 1082/1024/2 1000/1022/2 1001/1025/2
f 1081/1026/2 1082/1024/2 1001/1025/2
f 1080/1027/2 1081/1026/2 1001/1025/2
f 1080/1027/2 1001/1025/2 1002/1028/2
f 1079/1029/2 1080/1027/2 1002/1028/2
f 1079/1029/2 1002/1028/2 1003/1030/2
f 1078/1031/2 1079/1029/2 1003/1030/2
f 1077/1032/2 1078/1031/2 1003/1030/2
f 1077/1032/2 1003/1030/2 1004/1033/2
f 1076/1034/2 1077/1032/2 1004/1033/2
f 1075/1035/2 1076/1034/2 1004/1033/2
f 1075/1035/2 1004/1033/2 1005/1036/2
f 1074/1037/2 1075/1035/2 1005/1036/2
f 1073/1038/2 1074/1037/2 1005/1036/2
f 1073/1038/2 1005/1036/2 1006/1039/2
f 1072/1040/2 1073/1038/2 1006/1039/2
f 1071/1041/2 1072/1040/2 1006/1039/2
f 1071/1041/2 1006/1039/2 1007/1042/2
f 1070/1043/2 1071/1041/2 1007/1042/2
f 1069/1044/2 1070/1043/2 1007/1042/2
f 1068/1045/2 1069/1044/2 1007/1042/2
f 1068/1045/2 1007/1042/2 1008/1046/2
f 1067/1047/2 1068/1045/2 1008/1046/2
f 1066/1048/2 1067/1047/2 1008/1046/2
f 1066/1048/2 1008/1046/2 1009/1049/2
f 1065/1050/2 1066/1048/2 1009/1049/2
f 1064/1051/2 1065/1050/2 1009/1049/2
f 1063/1052/2 1064/1051/2 1009/1049/2
f 1063/1052/2 1009/1049/2 1010/1053/2
f 1062/1054/2 1063/1052/2 1010/1053/2
f 1061/1055/2 1062/1054/2 1010/1053/2
f 1060/1056/2 1061/1055/2 1010/1053/2
f 1059/1057/2 1060/1056/2 1010/1053/2
f 1059/1057/2 1010/1053/2 1011/1058/2
f 1058/1059/2 1059/1057/2 1011/1058/2
f 1057/1060/2 1058/1059/2 1011/1058/2
f 1056/1061/2 1057/1060/2 1011/1058/2
f 1055/1062/2 1056/1061/2 1011/1058/2
f 1054/1063/2 1055/1062/2 1011/1058/2
f 1053/1064/2 1054/1063/2 1011/1058/2
f 1053/1064/2 1011/1058/2 1012/1065/2
f 1052/1066/2 1053/1064/2 1012/1065/2
f 1051/1067/2 1052/1066/2 1012/1065/2
f 1050/1068/2 1051/1067/2 1012/1065/2
f 1049/1069/2 1050/1068/2 1012/1065/2
f 1048/1070/2 1049/1069/2 1012/1065/2
f 1047/1071/2 1048/1070/2 1012/1065/2
f 1046/1072/2 1047/1071/2 1012/1065/2
f 1045/1073/2 1046/1072/2 1012/1065/2
f 1044/1074/2 1045/1073/2 1012/1065/2
f 1043/1075/2 1044/1074/2 1012/1065/2
f 1042/1076/2 1043/1075/2 1012/1065/2
f 961/962/2 1041/1000/2 1042/1076/2
f 961/962/2 1042/1076/2 1012/1065/2
f 961/962/2 1012/1065/2 1013/1077/2
f 961/962/2 1013/1077/2 1014/1078/2
f 961/962/2 1014/1078/2 1015/1079/2
f 961/962/2 1015/1079/2 1016/1080/2
f 961/962/2 1016/1080/2 1017/1081/2
f 961/962/2 1017/1081/2 1018/1082/2
f 961/962/2 1018/1082/2 1019/1083/2
f 961/962/2 1019/1083/2 1020/1084/2
f 961/962/2 1020/1084/2 1021/1085/2
f 961/962/2 1021/1085/2 1022/1086/2
f 961/962/2 1022/1086/2 1023/1087/2
f 961/962/2 1023/1087/2 1024/1088/2
f 961/962/2 1024/1088/2 1025/1089/2
f 961/962/2 1025/1089/2 1026/1090/2
f 961/962/2 1026/1090/2 1027/1091/2
f 961/962/2 1027/1091/2 1028/1092/2
f 961/962/2 1028/1092/2 1029/1093/2
f 961/962/2 1029/1093/2 1030/1094/2
f 961/962/2 1030/1094/2 1031/1095/2
f 961/962/2 1031/1095/2 1032/1096/2
f 961/962/2 1032/1096/2 1033/1097/2
f 961/962/2 1033/1097/2 1034/1098/2
f 961/962/2 1034/1098/2 1035/1099/2
f 961/962/2 1035/1099/2 1036/1100/2
f 961/962/2 1036/1100/2 1037/1101/2
f 961/962/2 1037/1101/2 1038/1102/2
f 961/962/2 1038/1102/2 1039/1103/2
f 1106/1104/3 1103/1105/3 1104/1106/3
f 1108/1107/4 1105/1108/4 1106/1109/4
f 1110/1110/5 1107/1111/5 1108/1112/5
f 1112/1113/6 1109/1114/6 1110/1110/6
f 1114/1115/5 1111/1116/5 1112/1113/5
f 1116/1117/7 1113/1118/4 1114/1119/4
f 1118/1120/8 1115/1121/7 1116/1117/7
f 1120/1122/9 1117/1123/9 1118/1120/9
f 1122/1124/10 1119/1125/10 1120/1122/10
f 1124/1126/11 1121/1127/11 1122/1124/11
f 1126/1128/12 1123/1129/12 1124/1126/12
f 1128/1130/13 1125/1131/13 1126/1128/13
f 1130/1132/14 1127/1133/14 1128/1130/14
f 1132/1134/15 1129/1135/15 1130/1132/15
f 1134/1136/16 1131/1137/16 1132/1134/16
f 1136/1138/17 1133/1139/17 1134/1136/17
f 1138/1140/18 1135/1141/18 1136/1138/18
f 1140/1142/19 1137/1143/19 1138/1140/19
f 1142/1144/20 1139/1145/20 1140/1142/20
f 1144/1146/21 1141/1147/21 1142/1144/21
f 1146/1148/22 1143/1149/22 1144/1146/22
f 1148/1150/23 1145/1151/23 1146/1148/23
f 1150/1152/24 1147/1153/24 1148/1150/24
f 1152/1154/25 1149/1155/25 1150/1152/25
f 1154/1156/26 1151/1157/26 1152/1154/26
f 1156/1158/27 1153/1159/27 1154/1156/27
f 1158/1160/28 1155/1161/29 1156/1158/28
f 1160/1162/30 1157/1163/30 1158/1160/30
f 1162/1164/31 1159/1165/31 1160/1162/31
f 1164/1166/32 1161/1167/32 1162/1164/32
f 1166/1168/33 1163/1169/33 1164/1170/33
f 1168/1171/34 1165/1172/34 1166/1168/34
f 1170/1173/35 1167/1174/35 1168/1171/35
f 1172/1175/36 1169/1176/36 1170/1173/36
f 1174/1177/37 1171/1178/37 1172/1175/37
f 1176/1179/38 1173/1180/38 1174/1177/38
f 1178/1181/39 1175/1182/39 1176/1179/39
f 1180/1183/40 1177/1184/40 1178/1181/40
f 1182/1185/41 1179/1186/41 1180/1183/41
f 1184/1187/42 1181/1188/42 1182/1185/42
f 1186/1189/43 1183/1190/43 1184/1187/43
f 1188/1191/44 1185/1192/44 1186/1189/44
f 1190/1193/45 1187/1194/45 1188/1191/45
f 1192/1195/46 1189/1196/46 1190/1193/46
f 1194/1197/47 1191/1198/47 1192/1195/47
f 1196/1199/48 1193/1200/49 1194/1197/48
f 1198/1201/50 1195/1202/50 1196/1199/50
f 1200/1203/51 1197/1204/51 1198/1201/51
f 1202/1205/52 1199/1206/52 1200/1203/52
f 1204/1207/53 1201/1208/53 1202/1205/53
f 1206/1209/54 1203/1210/54 1204/1207/54
f 1208/1211/55 1205/1212/55 1206/1209/55
f 1210/1213/56 1207/1214/56 1208/1211/56
f 1212/1215/57 1209/1216/57 1210/1213/57
f 1214/1217/58 1211/1218/58 1212/1215/58
f 1216/1219/59 1213/1220/59 1214/1217/59
f 1218/1221/60 1215/1222/60 1216/1219/60
f 1220/1223/61 1217/1224/61 1218/1221/61
f 1222/1225/62 1219/1226/62 1220/1223/62
f 1224/1227/63 1221/1228/63 1222/1225/63
f 1226/1229/64 1223/1230/65 1224/1227/64
f 1228/1231/66 1225/1232/66 1226/1229/66
f 1230/1233/67 1227/1234/67 1228/1231/67
f 1232/1235/68 1229/1236/68 1230/1233/68
f 1234/1237/69 1231/1238/69 1232/1235/69
f 1236/1239/70 1233/1240/70 1234/1237/70
f 1238/1241/71 1235/1242/71 1236/1239/71
f 1240/1243/72 1237/1244/72 1238/1241/72
f 1242/1245/73 1239/1246/74 1240/1243/73
f 1244/1247/75 1241/1248/75 1242/1245/75
f 1246/1249/76 1243/1250/76 1244/1247/76
f 1248/1251/77 1245/1252/77 1246/1249/77
f 1250/1253/78 1247/1254/78 1248/1251/78
f 1252/1255/79 1249/1256/79 1250/1253/79
f 1254/1257/80 1251/1258/80 1252/1255/80
f 1256/1259/81 1253/1260/81 1254/1257/81
f 1258/1261/82 1255/1262/82 1256/1259/82
f 1260/1263/83 1257/1264/84 1258/1261/84
f 1104/1265/6 1259/1266/83 1260/1263/83
f 1264/1267/5 1261/1268/5 1262/1269/5
f 1266/1270/85 1263/1271/4 1264/1272/4
f 1268/1273/86 1265/1274/85 1266/1270/85
f 1270/1275/87 1267/1276/86 1268/1273/86
f 1272/1277/88 1269/1278/87 1270/1275/87
f 1274/1279/89 1271/1280/88 1272/1277/88
f 1276/1281/90 1273/1282/89 1274/1279/89
f 1278/1283/91 1275/1284/91 1276/1281/91
f 1280/1285/92 1277/1286/92 1278/1283/92
f 1282/1287/93 1279/1288/93 1280/1285/93
f 1284/1289/94 1281/1290/94 1282/1287/94
f 1286/1291/95 1283/1292/95 1284/1289/95
f 1288/1293/96 1285/1294/96 1286/1291/96
f 1290/1295/97 1287/1296/97 1288/1293/97
f 1292/1297/98 1289/1298/98 1290/1295/98
f 1294/1299/99 1291/1300/100 1292/1297/99
f 1296/1301/101 1293/1302/102 1294/1299/101
f 1298/1303/103 1295/1304/104 1296/1301/103
f 1300/1305/105 1297/1306/105 1298/1303/105
f 1302/1307/106 1299/1308/106 1300/1305/106
f 1304/1309/107 1301/1310/107 1302/1307/107
f 1306/1311/108 1303/1312/109 1304/1309/108
f 1308/1313/110 1305/1314/111 1306/1315/110
f 1310/1316/112 1307/1317/112 1308/1313/112
f 1312/1318/113 1309/1319/114 1310/1316/113
f 1314/1320/115 1311/1321/115 1312/1318/115
f 1316/1322/116 1313/1323/116 1314/1320/116
f 1318/1324/117 1315/1325/117 1316/1322/117
f 1320/1326/118 1317/1327/119 1318/1324/118
f 1322/1328/120 1319/1329/121 1320/1326/120
f 1324/1330/122 1321/1331/122 1322/1328/122
f 1326/1332/123 1323/1333/123 1324/1330/123
f 1328/1334/124 1325/1335/124 1326/1332/124
f 1330/1336/125 1327/1337/125 1328/1334/125
f 1332/1338/126 1329/1339/126 1330/1336/126
f 1334/1340/127 1331/1341/127 1332/1338/127
f 1336/1342/128 1333/1343/128 1334/1340/128
f 1338/1344/129 1335/1345/129 1336/1342/129
f 1340/1346/130 1337/1347/130 1338/1344/130
f 1342/1348/131 1339/1349/131 1340/1346/131
f 1344/1350/132 1341/1351/132 1342/1348/132
f 1346/1352/133 1343/1353/134 1344/1350/133
f 1348/1354/135 1345/1355/135 1346/1352/135
f 1350/1356/136 1347/1357/136 1348/1354/136
f 1352/1358/137 1349/1359/137 1350/1356/137
f 1354/1360/138 1351/1361/138 1352/1358/138
f 1356/1362/139 1353/1363/139 1354/1360/139
f 1358/1364/140 1355/1365/140 1356/1362/140
f 1360/1366/141 1357/1367/142 1358/1364/141
f 1362/1368/143 1359/1369/143 1360/1366/143
f 1364/1370/144 1361/1371/144 1362/1368/144
f 1366/1372/145 1363/1373/145 1364/1370/145
f 1368/1374/146 1365/1375/146 1366/1372/146
f 1370/1376/147 1367/1377/147 1368/1374/147
f 1372/1378/148 1369/1379/148 1370/1376/148
f 1374/1380/149 1371/1381/149 1372/1378/149
f 1376/1382/150 1373/1383/150 1374/1384/150
f 1378/1385/151 1375/1386/151 1376/1382/151
f 1380/1387/152 1377/1388/152 1378/1385/152
f 1382/1389/153 1379/1390/153 1380/1387/153
f 1384/1391/154 1381/1392/154 1382/1389/154
f 1386/1393/155 1383/1394/156 1384/1391/156
f 1262/1269/6 1385/1395/155 1386/1393/155
f 1390/1396/3 1387/1397/157 1388/1398/157
f 1392/1399/4 1389/1400/4 1390/1401/4
f 1394/1402/5 1391/1403/5 1392/1404/5
f 1396/1405/6 1393/1406/6 1394/1402/6
f 1398/1407/3 1395/1408/3 1396/1409/3
f 1400/1410/6 1397/1411/6 1398/1412/6
f 1402/1413/158 1399/1414/5 1400/1410/5
f 1404/1415/159 1401/1416/158 1402/1413/158
f 1406/1417/160 1403/1418/161 1404/1415/159
f 1408/1419/162 1405/1420/160 1406/1417/160
f 1410/1421/163 1407/1422/162 1408/1419/162
f 1412/1423/164 1409/1424/163 1410/1421/163
f 1414/1425/165 1411/1426/164 1412/1423/164
f 1416/1427/166 1413/1428/165 1414/1425/165
f 1418/1429/46 1415/1430/166 1416/1427/166
f 1420/1431/167 1417/1432/167 1418/1429/167
f 1422/1433/168 1419/1434/168 1420/1431/168
f 1424/1435/169 1421/1436/169 1422/1433/169
f 1426/1437/170 1423/1438/170 1424/1435/170
f 1428/1439/171 1425/1440/171 1426/1437/171
f 1430/1441/172 1427/1442/172 1428/1439/172
f 1432/1443/173 1429/1444/173 1430/1441/173
f 1434/1445/174 1431/1446/175 1432/1443/174
f 1436/1447/176 1433/1448/176 1434/1445/176
f 1438/1449/177 1435/1450/177 1436/1447/177
f 1440/1451/178 1437/1452/178 1438/1449/178
f 1442/1453/179 1439/1454/179 1440/1451/179
f 1444/1455/180 1441/1456/180 1442/1453/180
f 1446/1457/181 1443/1458/181 1444/1455/181
f 1448/1459/182 1445/1460/183 1446/1457/182
f 1450/1461/184 1447/1462/184 1448/1459/184
f 1452/1463/185 1449/1464/185 1450/1461/185
f 1454/1465/186 1451/1466/187 1452/1463/186
f 1456/1467/188 1453/1468/188 1454/1465/188
f 1458/1469/189 1455/1470/189 1456/1467/189
f 1460/1471/190 1457/1472/190 1458/1469/190
f 1462/1473/191 1459/1474/191 1460/1471/191
f 1464/1475/192 1461/1476/192 1462/1473/192
f 1466/1477/193 1463/1478/193 1464/1475/193
f 1468/1479/194 1465/1480/194 1466/1477/194
f 1470/1481/195 1467/1482/195 1468/1479/195
f 1472/1483/196 1469/1484/196 1470/1481/196
f 1474/1485/197 1471/1486/197 1472/1483/197
f 1476/1487/198 1473/1488/199 1474/1485/199
f 1478/1489/200 1475/1490/198 1476/1487/198
f 1480/1491/201 1477/1492/200 1478/1489/200
f 1482/1493/202 1479/1494/201 1480/1491/201
f 1484/1495/203 1481/1496/202 1482/1493/202
f 1486/1497/204 1483/1498/203 1484/1495/203
f 1488/1499/205 1485/1500/204 1486/1497/204
f 1490/1501/206 1487/1502/205 1488/1499/205
f 1492/1503/207 1489/1504/206 1490/1501/206
f 1494/1505/208 1491/1506/207 1492/1503/207
f 1496/1507/209 1493/1508/208 1494/1505/208
f 1498/1509/210 1495/1510/209 1496/1507/209
f 1500/1511/3 1497/1405/3 1498/1512/3
f 1502/1513/211 1499/1514/211 1500/1515/211
f 1504/1516/212 1501/1517/212 1502/1513/212
f 1506/1518/213 1503/1519/213 1504/1516/213
f 1508/1520/214 1505/1521/214 1506/1518/214
f 1510/1522/215 1507/1523/215 1508/1520/215
f 1512/1524/216 1509/1525/216 1510/1522/216
f 1514/1526/217 1511/1527/217 1512/1524/217
f 1516/1528/218 1513/1529/218 1514/1526/218
f 1518/1530/219 1515/1531/219 1516/1528/219
f 1520/1532/220 1517/1533/220 1518/1530/220
f 1522/1534/221 1519/1535/222 1520/1532/221
f 1524/1536/223 1521/1537/224 1522/1534/223
f 1526/1538/225 1523/1539/225 1524/1536/225
f 1528/1540/226 1525/1541/226 1526/1542/226
f 1530/1543/227 1527/1544/227 1528/1540/227
f 1532/1545/228 1529/1546/228 1530/1543/228
f 1534/1547/229 1531/1548/230 1532/1545/229
f 1536/1549/231 1533/1550/231 1534/1547/231
f 1538/1551/232 1535/1552/232 1536/1549/232
f 1540/1553/233 1537/1554/233 1538/1551/233
f 1542/1555/234 1539/1556/234 1540/1553/234
f 1544/1557/235 1541/1558/235 1542/1555/235
f 1546/1559/236 1543/1560/236 1544/1557/236
f 1548/1561/237 1545/1562/237 1546/1559/237
f 1550/1563/238 1547/1564/238 1548/1561/238
f 1388/1398/157 1549/1565/239 1550/1563/239
f 1554/1566/6 1551/1567/6 1552/1568/6
f 1556/1569/3 1553/1570/3 1554/1571/3
f 1558/1572/240 1555/1573/6 1556/1267/6
f 1560/1574/241 1557/1575/240 1558/1572/240
f 1562/1576/242 1559/1577/242 1560/1574/242
f 1564/1578/243 1561/1579/243 1562/1576/243
f 1566/1580/244 1563/1581/244 1564/1578/244
f 1568/1582/245 1565/1583/245 1566/1580/245
f 1570/1584/246 1567/1585/246 1568/1582/246
f 1572/1586/247 1569/1587/247 1570/1584/247
f 1574/1588/248 1571/1589/248 1572/1586/248
f 1576/1590/249 1573/1591/250 1574/1588/249
f 1578/1592/251 1575/1593/251 1576/1590/251
f 1580/1594/252 1577/1595/252 1578/1592/252
f 1582/1596/253 1579/1597/253 1580/1594/253
f 1584/1598/254 1581/1599/254 1582/1596/254
f 1586/1600/255 1583/1601/255 1584/1598/255
f 1588/1602/256 1585/1603/256 1586/1600/256
f 1590/1604/257 1587/1605/257 1588/1602/257
f 1592/1606/258 1589/1607/258 1590/1604/258
f 1594/1608/259 1591/1609/259 1592/1606/259
f 1596/1610/260 1593/1611/260 1594/1608/260
f 1598/1612/261 1595/1613/261 1596/1610/261
f 1600/1614/262 1597/1615/263 1598/1612/263
f 1602/1616/264 1599/1617/262 1600/1614/262
f 1604/1618/265 1601/1619/264 1602/1616/264
f 1606/1620/266 1603/1621/265 1604/1618/265
f 1608/1622/267 1605/1623/266 1606/1620/266
f 1610/1624/6 1607/1625/6 1608/1622/6
f 1612/1626/268 1609/1627/269 1610/1628/269
f 1614/1629/270 1611/1630/268 1612/1626/268
f 1616/1631/271 1613/1632/270 1614/1629/270
f 1618/1633/272 1615/1634/271 1616/1631/271
f 1620/1635/273 1617/1636/272 1618/1633/272
f 1622/1637/274 1619/1638/273 1620/1635/273
f 1624/1639/275 1621/1640/274 1622/1637/274
f 1626/1641/276 1623/1642/275 1624/1639/275
f 1628/1643/277 1625/1644/277 1626/1641/277
f 1630/1645/278 1627/1646/278 1628/1643/278
f 1632/1647/279 1629/1648/279 1630/1645/279
f 1634/1649/280 1631/1650/280 1632/1647/280
f 1636/1651/281 1633/1652/281 1634/1649/281
f 1638/1653/282 1635/1654/282 1636/1651/282
f 1640/1655/283 1637/1656/283 1638/1653/283
f 1642/1657/284 1639/1658/284 1640/1655/284
f 1644/1659/285 1641/1660/286 1642/1657/285
f 1646/1661/287 1643/1662/287 1644/1659/287
f 1648/1663/288 1645/1664/288 1646/1665/288
f 1650/1666/289 1647/1667/289 1648/1663/289
f 1652/1668/290 1649/1669/290 1650/1666/290
f 1654/1670/291 1651/1671/291 1652/1668/291
f 1656/1672/292 1653/1673/292 1654/1670/292
f 1658/1674/293 1655/1675/294 1656/1672/293
f 1660/1676/295 1657/1677/295 1658/1674/295
f 1662/1678/296 1659/1679/296 1660/1680/296
f 1664/1681/297 1661/1682/297 1662/1683/297
f 1666/1684/298 1663/1685/298 1664/1681/298
f 1668/1686/299 1665/1687/299 1666/1684/299
f 1670/1688/300 1667/1689/300 1668/1686/300
f 1672/1690/301 1669/1691/301 1670/1688/301
f 1674/1692/302 1671/1693/302 1672/1690/302
f 1676/1694/303 1673/1695/303 1674/1692/303
f 1678/1696/304 1675/1697/304 1676/1694/304
f 1680/1698/305 1677/1699/305 1678/1696/305
f 1682/1700/306 1679/1701/306 1680/1698/306
f 1684/1702/307 1681/1703/307 1682/1700/307
f 1686/1704/308 1683/1705/308 1684/1702/308
f 1688/1706/309 1685/1707/309 1686/1704/309
f 1690/1708/310 1687/1709/310 1688/1706/310
f 1692/1710/311 1689/1711/311 1690/1708/311
f 1694/1712/312 1691/1713/312 1692/1710/312
f 1696/1714/313 1693/1715/313 1694/1712/313
f 1698/1716/314 1695/1717/314 1696/1714/314
f 1700/1718/315 1697/1719/315 1698/1716/315
f 1702/1720/316 1699/1721/316 1700/1718/316
f 1704/1722/317 1701/1723/317 1702/1720/317
f 1706/1724/318 1703/1725/318 1704/1722/318
f 1708/1726/319 1705/1727/319 1706/1724/319
f 1710/1728/320 1707/1729/320 1708/1726/320
f 1712/1730/321 1709/1731/321 1710/1728/321
f 1714/1732/322 1711/1733/322 1712/1730/322
f 1716/1734/323 1713/1735/323 1714/1732/323
f 1718/1736/324 1715/1737/324 1716/1734/324
f 1720/1738/325 1717/1739/325 1718/1736/325
f 1722/1740/326 1719/1741/326 1720/1738/326
f 1724/1742/327 1721/1743/327 1722/1740/327
f 1726/1744/328 1723/1745/328 1724/1742/328
f 1728/1746/329 1725/1747/329 1726/1744/329
f 1730/1748/330 1727/1749/330 1728/1746/330
f 1732/1750/331 1729/1751/331 1730/1748/331
f 1734/1752/332 1731/1753/332 1732/1750/332
f 1736/1754/333 1733/1755/334 1734/1752/333
f 1738/1756/335 1735/1757/335 1736/1754/335
f 1740/1758/336 1737/1759/336 1738/1756/336
f 1742/1760/337 1739/1761/337 1740/1758/337
f 1744/1762/111 1741/1763/111 1742/1760/111
f 1746/1764/338 1743/1765/338 1744/1766/338
f 1748/1767/339 1745/1768/339 1746/1764/339
f 1750/1769/340 1747/1770/340 1748/1767/340
f 1752/1771/341 1749/1772/341 1750/1769/341
f 1754/1773/342 1751/1774/342 1752/1771/342
f 1756/1775/343 1753/1776/343 1754/1773/343
f 1758/1777/344 1755/1778/344 1756/1775/344
f 1760/1779/345 1757/1780/345 1758/1777/345
f 1762/1781/346 1759/1782/346 1760/1779/346
f 1764/1783/347 1761/1784/347 1762/1781/347
f 1766/1785/348 1763/1786/348 1764/1783/348
f 1768/1787/94 1765/1788/94 1766/1785/94
f 1770/1789/349 1767/1790/349 1768/1787/349
f 1772/1791/350 1769/1792/350 1770/1789/350
f 1774/1793/351 1771/1794/351 1772/1791/351
f 1776/1795/352 1773/1796/352 1774/1793/352
f 1778/1797/353 1775/1798/353 1776/1795/353
f 1780/1799/354 1777/1800/355 1778/1797/355
f 1782/1801/4 1779/1802/354 1780/1799/354
f 1552/1568/5 1781/1803/5 1782/1804/5
f 1786/1805/3 1783/1806/3 1784/1807/3
f 1788/1808/356 1785/1809/6 1786/1810/6
f 1790/1811/357 1787/1812/356 1788/1808/356
f 1792/1813/358 1789/1814/357 1790/1811/357
f 1794/1815/359 1791/1816/358 1792/1813/358
f 1796/1817/360 1793/1818/359 1794/1815/359
f 1798/1819/361 1795/1820/360 1796/1817/360
f 1800/1821/362 1797/1822/361 1798/1819/361
f 1802/1823/363 1799/1824/362 1800/1821/362
f 1804/1825/364 1801/1826/363 1802/1823/363
f 1806/1827/365 1803/1828/364 1804/1825/364
f 1808/1829/366 1805/1830/366 1806/1827/366
f 1810/1831/367 1807/1832/367 1808/1829/367
f 1812/1833/368 1809/1834/368 1810/1831/368
f 1814/1835/369 1811/1836/369 1812/1833/369
f 1816/1837/370 1813/1838/370 1814/1835/370
f 1818/1839/371 1815/1840/371 1816/1837/371
f 1820/1841/372 1817/1842/372 1818/1839/372
f 1822/1843/373 1819/1844/373 1820/1841/373
f 1824/1845/374 1821/1846/374 1822/1843/374
f 1826/1847/375 1823/1848/375 1824/1845/375
f 1828/1849/376 1825/1850/376 1826/1847/376
f 1830/1851/377 1827/1852/377 1828/1849/377
f 1832/1853/378 1829/1854/378 1830/1851/378
f 1834/1855/379 1831/1856/379 1832/1853/379
f 1836/1857/380 1833/1858/380 1834/1855/380
f 1838/1859/381 1835/1860/381 1836/1857/381
f 1840/1861/382 1837/1862/382 1838/1859/382
f 1842/1863/383 1839/1864/383 1840/1861/383
f 1844/1865/384 1841/1866/384 1842/1863/384
f 1846/1867/385 1843/1868/385 1844/1865/385
f 1848/1869/386 1845/1870/386 1846/1867/386
f 1850/1871/387 1847/1872/387 1848/1869/387
f 1852/1873/388 1849/1874/388 1850/1871/388
f 1854/1875/389 1851/1876/389 1852/1873/389
f 1856/1877/390 1853/1878/390 1854/1875/390
f 1858/1879/391 1855/1880/391 1856/1877/391
f 1860/1881/392 1857/1882/392 1858/1879/392
f 1862/1883/393 1859/1884/393 1860/1881/393
f 1864/1885/394 1861/1886/394 1862/1883/394
f 1866/1887/395 1863/1888/395 1864/1885/395
f 1868/1889/396 1865/1890/396 1866/1887/396
f 1870/1891/397 1867/1892/397 1868/1889/397
f 1872/1893/398 1869/1894/398 1870/1891/398
f 1874/1895/399 1871/1896/399 1872/1893/399
f 1876/1897/400 1873/1898/400 1874/1895/400
f 1878/1899/401 1875/1900/401 1876/1897/401
f 1880/1901/402 1877/1902/402 1878/1899/402
f 1882/1903/403 1879/1904/403 1880/1901/403
f 1884/1905/404 1881/1906/404 1882/1907/404
f 1886/1908/405 1883/1909/405 1884/1905/405
f 1888/1910/406 1885/1911/406 1886/1908/406
f 1890/1912/407 1887/1913/407 1888/1910/407
f 1892/1914/408 1889/1915/408 1890/1912/408
f 1894/1916/409 1891/1917/409 1892/1914/409
f 1896/1918/410 1893/1919/410 1894/1916/410
f 1898/1920/411 1895/1921/411 1896/1918/411
f 1900/1922/412 1897/1923/412 1898/1920/412
f 1902/1924/413 1899/1925/413 1900/1922/413
f 1904/1926/414 1901/1927/414 1902/1924/414
f 1906/1928/415 1903/1929/415 1904/1926/415
f 1908/1930/416 1905/1931/416 1906/1928/416
f 1910/1932/417 1907/1933/417 1908/1930/417
f 1912/1934/418 1909/1935/418 1910/1932/418
f 1914/1936/419 1911/1937/419 1912/1934/419
f 1916/1938/420 1913/1939/420 1914/1936/420
f 1918/1940/421 1915/1941/422 1916/1938/422
f 1920/1942/423 1917/1943/421 1918/1940/421
f 1922/1944/424 1919/1945/423 1920/1942/423
f 1924/1946/425 1921/1947/424 1922/1944/424
f 1926/1948/426 1923/1949/425 1924/1946/425
f 1928/1950/427 1925/1951/426 1926/1948/426
f 1930/1952/428 1927/1953/427 1928/1950/427
f 1932/1954/429 1929/1955/428 1930/1952/428
f 1784/1956/4 1931/1957/429 1932/1954/429
f 1936/1958/6 1933/1959/6 1934/1960/6
f 1938/1961/3 1935/1962/3 1936/1963/3
f 1940/1964/6 1937/1965/6 1938/1966/6
f 1942/1967/3 1939/1968/3 1940/1969/3
f 1944/1970/4 1941/1971/4 1942/1801/4
f 1946/1972/5 1943/1973/5 1944/1974/5
f 1948/1975/6 1945/1976/6 1946/1972/6
f 1934/1960/5 1947/1977/5 1948/1975/5
f 1952/1978/3 1949/1979/3 1950/1980/3
f 1954/1981/4 1951/1982/4 1952/1983/4
f 1956/1984/5 1953/1985/5 1954/1986/5
f 1958/1987/4 1955/1988/4 1956/1989/4
f 1960/1990/430 1957/1991/430 1958/1987/430
f 1962/1992/431 1959/1993/431 1960/1990/431
f 1964/1994/432 1961/1995/432 1962/1992/432
f 1966/1996/433 1963/1997/433 1964/1994/433
f 1968/1998/434 1965/1999/434 1966/1996/434
f 1970/2000/435 1967/2001/435 1968/1998/435
f 1972/2002/436 1969/2003/436 1970/2000/436
f 1974/2004/437 1971/2005/437 1972/2002/437
f 1976/2006/438 1973/2007/438 1974/2004/438
f 1978/2008/439 1975/2009/439 1976/2006/439
f 1980/2010/440 1977/2011/440 1978/2008/440
f 1982/2012/441 1979/2013/442 1980/2010/441
f 1984/2014/443 1981/2015/443 1982/2012/443
f 1986/2016/444 1983/2017/444 1984/2014/444
f 1988/2018/445 1985/2019/445 1986/2020/445
f 1990/2021/446 1987/2022/446 1988/2018/446
f 1992/2023/447 1989/2024/447 1990/2021/447
f 1994/2025/448 1991/2026/448 1992/2023/448
f 1996/2027/449 1993/2028/450 1994/2025/449
f 1998/2029/451 1995/2030/451 1996/2027/451
f 2000/2031/452 1997/2032/452 1998/2029/452
f 2002/2033/453 1999/2034/453 2000/2031/453
f 2004/2035/454 2001/2036/454 2002/2033/454
f 2006/2037/455 2003/2038/455 2004/2035/455
f 2008/2039/456 2005/2040/456 2006/2037/456
f 2010/2041/457 2007/2042/457 2008/2039/457
f 2012/2043/458 2009/2044/458 2010/2041/458
f 2014/2045/459 2011/2046/459 2012/2043/459
f 2016/2047/460 2013/2048/460 2014/2045/460
f 2018/2049/461 2015/2050/461 2016/2047/461
f 2020/2051/462 2017/2052/462 2018/2049/462
f 2022/2053/463 2019/2054/463 2020/2051/463
f 2024/2055/464 2021/2056/464 2022/2053/464
f 2026/2057/465 2023/2058/465 2024/2055/465
f 2028/2059/466 2025/2060/466 2026/2057/466
f 2030/2061/467 2027/2062/467 2028/2059/467
f 2032/2063/468 2029/2064/468 2030/2061/468
f 2034/2065/469 2031/2066/469 2032/2063/469
f 2036/2067/470 2033/2068/470 2034/2065/470
f 2038/2069/183 2035/2070/183 2036/2067/183
f 2040/2071/471 2037/2072/471 2038/2069/471
f 2042/2073/472 2039/2074/473 2040/2071/472
f 2044/2075/474 2041/2076/474 2042/2073/474
f 2046/2077/475 2043/2078/476 2044/2075/475
f 2048/2079/477 2045/2080/477 2046/2077/477
f 2050/2081/478 2047/2082/478 2048/2079/478
f 2052/2083/479 2049/2084/480 2050/2081/479
f 2054/2085/481 2051/2086/482 2052/2083/481
f 2056/2087/483 2053/2088/483 2054/2085/483
f 2058/2089/484 2055/2090/484 2056/2087/484
f 2060/2091/485 2057/2092/485 2058/2089/485
f 2062/2093/486 2059/2094/486 2060/2091/486
f 2064/2095/487 2061/2096/488 2062/2093/487
f 2066/2097/489 2063/2098/489 2064/2095/489
f 2068/2099/490 2065/2100/490 2066/2097/490
f 2070/2101/491 2067/2102/491 2068/2099/491
f 2072/2103/492 2069/2104/492 2070/2101/492
f 2074/2105/493 2071/2106/493 2072/2103/493
f 2076/2107/494 2073/2108/494 2074/2105/494
f 2078/2109/495 2075/2110/496 2076/2107/496
f 1950/2111/6 2077/2112/495 2078/2109/495
f 2082/2113/5 2079/2114/5 2080/2115/5
f 2084/2116/497 2081/2117/4 2082/2118/4
f 2086/2119/498 2083/2120/497 2084/2116/497
f 2088/2121/499 2085/2122/498 2086/2119/498
f 2090/2123/500 2087/2124/499 2088/2121/499
f 2092/2125/501 2089/2126/500 2090/2123/500
f 2094/2127/502 2091/2128/501 2092/2125/501
f 2096/2129/503 2093/2130/503 2094/2127/503
f 2098/2131/504 2095/2132/504 2096/2129/504
f 2100/2133/505 2097/2134/505 2098/2131/505
f 2102/2135/506 2099/2136/506 2100/2133/506
f 2104/2137/507 2101/2138/507 2102/2135/507
f 2106/2139/508 2103/2140/509 2104/2137/508
f 2108/2141/510 2105/2142/510 2106/2139/510
f 2110/2143/511 2107/2144/511 2108/2141/511
f 2112/2145/512 2109/2146/512 2110/2143/512
f 2114/2147/513 2111/2148/513 2112/2145/513
f 2116/2149/514 2113/2150/514 2114/2147/514
f 2118/2151/515 2115/2152/515 2116/2149/515
f 2120/2153/516 2117/2154/516 2118/2151/516
f 2122/2155/517 2119/2156/517 2120/2153/517
f 2124/1170/518 2121/2157/518 2122/2155/518
f 2126/2158/519 2123/2159/519 2124/2160/519
f 2128/2161/520 2125/2162/521 2126/2158/520
f 2130/2163/522 2127/2164/522 2128/2161/522
f 2132/2165/523 2129/2166/523 2130/2163/523
f 2134/2167/524 2131/2168/525 2132/2165/524
f 2136/2169/526 2133/2170/527 2134/2167/526
f 2138/2171/528 2135/2172/529 2136/2169/528
f 2140/2173/530 2137/2174/530 2138/2171/530
f 2142/2175/531 2139/2176/531 2140/2173/531
f 2144/2177/532 2141/2178/533 2142/2175/532
f 2146/2179/534 2143/2180/535 2144/2177/534
f 2148/2181/536 2145/2182/536 2146/2179/536
f 2150/2183/537 2147/2184/537 2148/2181/537
f 2152/2185/538 2149/2186/538 2150/2183/538
f 2154/2187/539 2151/2188/539 2152/2185/539
f 2156/2189/540 2153/2190/540 2154/2187/540
f 2158/2191/541 2155/2192/541 2156/2189/541
f 2160/2193/542 2157/2194/542 2158/2191/542
f 2162/2195/543 2159/2196/543 2160/2193/543
f 2164/2197/544 2161/2198/544 2162/2195/544
f 2166/2199/545 2163/2200/545 2164/2197/545
f 2168/2201/546 2165/2202/546 2166/2199/546
f 2170/2203/547 2167/2204/547 2168/2201/547
f 2172/2205/548 2169/2206/548 2170/2203/548
f 2174/2207/549 2171/2208/549 2172/2205/549
f 2176/2209/550 2173/2210/550 2174/2207/550
f 2178/2211/551 2175/2212/551 2176/2209/551
f 2180/2213/552 2177/2214/552 2178/2211/552
f 2182/2215/553 2179/2216/553 2180/2213/553
f 2184/2217/554 2181/2218/555 2182/2215/554
f 2186/2219/556 2183/2220/556 2184/2217/556
f 2188/2221/557 2185/2222/558 2186/2219/557
f 2190/2223/559 2187/2224/559 2188/2221/559
f 2192/2225/560 2189/2226/560 2190/2223/560
f 2194/2227/561 2191/2228/561 2192/2225/561
f 2196/2229/562 2193/2230/562 2194/2227/562
f 2198/2231/563 2195/2232/563 2196/2229/563
f 2200/2233/564 2197/2234/564 2198/2231/564
f 2202/2235/565 2199/2236/565 2200/2233/565
f 2204/2237/566 2201/2238/567 2202/2235/567
f 2080/2115/6 2203/2239/566 2204/2237/566
f 1106/1104/3 1105/2240/3 1103/1105/3
f 1108/1107/4 1107/2241/4 1105/1108/4
f 1110/1110/5 1109/1114/5 1107/1111/5
f 1112/1113/6 1111/1116/6 1109/1114/6
f 1114/1115/5 1113/2242/5 1111/1116/5
f 1116/1117/7 1115/1121/7 1113/1118/4
f 1118/1120/8 1117/1123/8 1115/1121/7
f 1120/1122/9 1119/1125/9 1117/1123/9
f 1122/1124/10 1121/1127/10 1119/1125/10
f 1124/1126/11 1123/1129/11 1121/1127/11
f 1126/1128/12 1125/1131/12 1123/1129/12
f 1128/1130/13 1127/1133/13 1125/1131/13
f 1130/1132/14 1129/1135/14 1127/1133/14
f 1132/1134/15 1131/1137/15 1129/1135/15
f 1134/1136/16 1133/1139/16 1131/1137/16
f 1136/1138/17 1135/1141/17 1133/1139/17
f 1138/1140/18 1137/1143/18 1135/1141/18
f 1140/1142/19 1139/1145/19 1137/1143/19
f 1142/1144/20 1141/1147/20 1139/1145/20
f 1144/1146/21 1143/1149/21 1141/1147/21
f 1146/1148/22 1145/1151/22 1143/1149/22
f 1148/1150/23 1147/1153/23 1145/1151/23
f 1150/1152/24 1149/1155/24 1147/1153/24
f 1152/1154/25 1151/1157/25 1149/1155/25
f 1154/1156/26 1153/1159/26 1151/1157/26
f 1156/1158/27 1155/1161/27 1153/1159/27
f 1158/1160/28 1157/1163/29 1155/1161/29
f 1160/1162/30 1159/1165/30 1157/1163/30
f 1162/1164/31 1161/1167/31 1159/1165/31
f 1164/1166/32 1163/2243/32 1161/1167/32
f 1166/1168/33 1165/1172/33 1163/1169/33
f 1168/1171/34 1167/1174/34 1165/1172/34
f 1170/1173/35 1169/1176/35 1167/1174/35
f 1172/1175/36 1171/1178/36 1169/1176/36
f 1174/1177/37 1173/1180/37 1171/1178/37
f 1176/1179/38 1175/1182/38 1173/1180/38
f 1178/1181/39 1177/1184/39 1175/1182/39
f 1180/1183/40 1179/1186/40 1177/1184/40
f 1182/1185/41 1181/1188/41 1179/1186/41
f 1184/1187/42 1183/1190/42 1181/1188/42
f 1186/1189/43 1185/1192/43 1183/1190/43
f 1188/1191/44 1187/1194/44 1185/1192/44
f 1190/1193/45 1189/1196/45 1187/1194/45
f 1192/1195/46 1191/1198/46 1189/1196/46
f 1194/1197/47 1193/1200/47 1191/1198/47
f 1196/1199/48 1195/1202/49 1193/1200/49
f 1198/1201/50 1197/1204/50 1195/1202/50
f 1200/1203/51 1199/1206/51 1197/1204/51
f 1202/1205/52 1201/1208/52 1199/1206/52
f 1204/1207/53 1203/1210/53 1201/1208/53
f 1206/1209/54 1205/1212/54 1203/1210/54
f 1208/1211/55 1207/1214/55 1205/1212/55
f 1210/1213/56 1209/1216/56 1207/1214/56
f 1212/1215/57 1211/1218/57 1209/1216/57
f 1214/1217/58 1213/1220/58 1211/1218/58
f 1216/1219/59 1215/1222/59 1213/1220/59
f 1218/1221/60 1217/1224/60 1215/1222/60
f 1220/1223/61 1219/1226/61 1217/1224/61
f 1222/1225/62 1221/1228/62 1219/1226/62
f 1224/1227/63 1223/1230/63 1221/1228/63
f 1226/1229/64 1225/1232/65 1223/1230/65
f 1228/1231/66 1227/1234/66 1225/1232/66
f 1230/1233/67 1229/1236/67 1227/1234/67
f 1232/1235/68 1231/1238/68 1229/1236/68
f 1234/1237/69 1233/1240/69 1231/1238/69
f 1236/1239/70 1235/1242/70 1233/1240/70
f 1238/1241/71 1237/1244/71 1235/1242/71
f 1240/1243/72 1239/1246/72 1237/1244/72
f 1242/1245/73 1241/1248/74 1239/1246/74
f 1244/1247/75 1243/1250/75 1241/1248/75
f 1246/1249/76 1245/1252/76 1243/1250/76
f 1248/1251/77 1247/1254/77 1245/1252/77
f 1250/1253/78 1249/1256/78 1247/1254/78
f 1252/1255/79 1251/1258/79 1249/1256/79
f 1254/1257/80 1253/1260/80 1251/1258/80
f 1256/1259/81 1255/1262/81 1253/1260/81
f 1258/1261/82 1257/1264/82 1255/1262/82
f 1260/1263/83 1259/1266/83 1257/1264/84
f 1104/1265/6 1103/2244/6 1259/1266/83
f 1264/1267/5 1263/1573/5 1261/1268/5
f 1266/1270/85 1265/1274/85 1263/1271/4
f 1268/1273/86 1267/1276/86 1265/1274/85
f 1270/1275/87 1269/1278/87 1267/1276/86
f 1272/1277/88 1271/1280/88 1269/1278/87
f 1274/1279/89 1273/1282/89 1271/1280/88
f 1276/1281/90 1275/1284/90 1273/1282/89
f 1278/1283/91 1277/1286/91 1275/1284/91
f 1280/1285/92 1279/1288/92 1277/1286/92
f 1282/1287/93 1281/1290/93 1279/1288/93
f 1284/1289/94 1283/1292/94 1281/1290/94
f 1286/1291/95 1285/1294/95 1283/1292/95
f 1288/1293/96 1287/1296/96 1285/1294/96
f 1290/1295/97 1289/1298/97 1287/1296/97
f 1292/1297/98 1291/1300/98 1289/1298/98
f 1294/1299/99 1293/1302/100 1291/1300/100
f 1296/1301/101 1295/1304/102 1293/1302/102
f 1298/1303/103 1297/1306/104 1295/1304/104
f 1300/1305/105 1299/1308/105 1297/1306/105
f 1302/1307/106 1301/1310/106 1299/1308/106
f 1304/1309/107 1303/1312/107 1301/1310/107
f 1306/1311/108 1305/2245/109 1303/1312/109
f 1308/1313/110 1307/1317/111 1305/1314/111
f 1310/1316/112 1309/1319/112 1307/1317/112
f 1312/1318/113 1311/1321/114 1309/1319/114
f 1314/1320/115 1313/1323/115 1311/1321/115
f 1316/1322/116 1315/1325/116 1313/1323/116
f 1318/1324/117 1317/1327/117 1315/1325/117
f 1320/1326/118 1319/1329/119 1317/1327/119
f 1322/1328/120 1321/1331/121 1319/1329/121
f 1324/1330/122 1323/1333/122 1321/1331/122
f 1326/1332/123 1325/1335/123 1323/1333/123
f 1328/1334/124 1327/1337/124 1325/1335/124
f 1330/1336/125 1329/1339/125 1327/1337/125
f 1332/1338/126 1331/1341/126 1329/1339/126
f 1334/1340/127 1333/1343/127 1331/1341/127
f 1336/1342/128 1335/1345/128 1333/1343/128
f 1338/1344/129 1337/1347/129 1335/1345/129
f 1340/1346/130 1339/1349/130 1337/1347/130
f 1342/1348/131 1341/1351/131 1339/1349/131
f 1344/1350/132 1343/1353/132 1341/1351/132
f 1346/1352/133 1345/1355/134 1343/1353/134
f 1348/1354/135 1347/1357/135 1345/1355/135
f 1350/1356/136 1349/1359/136 1347/1357/136
f 1352/1358/137 1351/1361/137 1349/1359/137
f 1354/1360/138 1353/1363/138 1351/1361/138
f 1356/1362/139 1355/1365/139 1353/1363/139
f 1358/1364/140 1357/1367/140 1355/1365/140
f 1360/1366/141 1359/1369/142 1357/1367/142
f 1362/1368/143 1361/1371/143 1359/1369/143
f 1364/1370/144 1363/1373/144 1361/1371/144
f 1366/1372/145 1365/1375/145 1363/1373/145
f 1368/1374/146 1367/1377/146 1365/1375/146
f 1370/1376/147 1369/1379/147 1367/1377/147
f 1372/1378/148 1371/1381/148 1369/1379/148
f 1374/1380/149 1373/2246/149 1371/1381/149
f 1376/1382/150 1375/1386/150 1373/1383/150
f 1378/1385/151 1377/1388/151 1375/1386/151
f 1380/1387/152 1379/1390/152 1377/1388/152
f 1382/1389/153 1381/1392/153 1379/1390/153
f 1384/1391/154 1383/1394/154 1381/1392/154
f 1386/1393/155 1385/1395/155 1383/1394/156
f 1262/1269/6 1261/1268/6 1385/1395/155
f 1390/1396/3 1389/1962/3 1387/1397/157
f 1392/1399/4 1391/2247/4 1389/1400/4
f 1394/1402/5 1393/1406/5 1391/1403/5
f 1396/1405/6 1395/2248/6 1393/1406/6
f 1398/1407/3 1397/2249/3 1395/1408/3
f 1400/1410/6 1399/1414/6 1397/1411/6
f 1402/1413/158 1401/1416/158 1399/1414/5
f 1404/1415/159 1403/1418/161 1401/1416/158
f 1406/1417/160 1405/1420/160 1403/1418/161
f 1408/1419/162 1407/1422/162 1405/1420/160
f 1410/1421/163 1409/1424/163 1407/1422/162
f 1412/1423/164 1411/1426/164 1409/1424/163
f 1414/1425/165 1413/1428/165 1411/1426/164
f 1416/1427/166 1415/1430/166 1413/1428/165
f 1418/1429/46 1417/1432/46 1415/1430/166
f 1420/1431/167 1419/1434/167 1417/1432/167
f 1422/1433/168 1421/1436/168 1419/1434/168
f 1424/1435/169 1423/1438/169 1421/1436/169
f 1426/1437/170 1425/1440/170 1423/1438/170
f 1428/1439/171 1427/1442/171 1425/1440/171
f 1430/1441/172 1429/1444/172 1427/1442/172
f 1432/1443/173 1431/1446/173 1429/1444/173
f 1434/1445/174 1433/1448/175 1431/1446/175
f 1436/1447/176 1435/1450/176 1433/1448/176
f 1438/1449/177 1437/1452/177 1435/1450/177
f 1440/1451/178 1439/1454/178 1437/1452/178
f 1442/1453/179 1441/1456/179 1439/1454/179
f 1444/1455/180 1443/1458/180 1441/1456/180
f 1446/1457/181 1445/1460/181 1443/1458/181
f 1448/1459/182 1447/1462/183 1445/1460/183
f 1450/1461/184 1449/1464/184 1447/1462/184
f 1452/1463/185 1451/1466/185 1449/1464/185
f 1454/1465/186 1453/1468/187 1451/1466/187
f 1456/1467/188 1455/1470/188 1453/1468/188
f 1458/1469/189 1457/1472/189 1455/1470/189
f 1460/1471/190 1459/1474/190 1457/1472/190
f 1462/1473/191 1461/1476/191 1459/1474/191
f 1464/1475/192 1463/1478/192 1461/1476/192
f 1466/1477/193 1465/1480/193 1463/1478/193
f 1468/1479/194 1467/1482/194 1465/1480/194
f 1470/1481/195 1469/1484/195 1467/1482/195
f 1472/1483/196 1471/1486/196 1469/1484/196
f 1474/1485/197 1473/1488/197 1471/1486/197
f 1476/1487/198 1475/1490/198 1473/1488/199
f 1478/1489/200 1477/1492/200 1475/1490/198
f 1480/1491/201 1479/1494/201 1477/1492/200
f 1482/1493/202 1481/1496/202 1479/1494/201
f 1484/1495/203 1483/1498/203 1481/1496/202
f 1486/1497/204 1485/1500/204 1483/1498/203
f 1488/1499/205 1487/1502/205 1485/1500/204
f 1490/1501/206 1489/1504/206 1487/1502/205
f 1492/1503/207 1491/1506/207 1489/1504/206
f 1494/1505/208 1493/1508/208 1491/1506/207
f 1496/1507/209 1495/1510/209 1493/1508/208
f 1498/1509/210 1497/2250/210 1495/1510/209
f 1500/1511/3 1499/2251/3 1497/1405/3
f 1502/1513/211 1501/1517/211 1499/1514/211
f 1504/1516/212 1503/1519/212 1501/1517/212
f 1506/1518/213 1505/1521/213 1503/1519/213
f 1508/1520/214 1507/1523/214 1505/1521/214
f 1510/1522/215 1509/1525/215 1507/1523/215
f 1512/1524/216 1511/1527/216 1509/1525/216
f 1514/1526/217 1513/1529/217 1511/1527/217
f 1516/1528/218 1515/1531/218 1513/1529/218
f 1518/1530/219 1517/1533/219 1515/1531/219
f 1520/1532/220 1519/1535/220 1517/1533/220
f 1522/1534/221 1521/1537/222 1519/1535/222
f 1524/1536/223 1523/1539/224 1521/1537/224
f 1526/1538/225 1525/2252/225 1523/1539/225
f 1528/1540/226 1527/1544/226 1525/1541/226
f 1530/1543/227 1529/1546/227 1527/1544/227
f 1532/1545/228 1531/1548/228 1529/1546/228
f 1534/1547/229 1533/1550/230 1531/1548/230
f 1536/1549/231 1535/1552/231 1533/1550/231
f 1538/1551/232 1537/1554/232 1535/1552/232
f 1540/1553/233 1539/1556/233 1537/1554/233
f 1542/1555/234 1541/1558/234 1539/1556/234
f 1544/1557/235 1543/1560/235 1541/1558/235
f 1546/1559/236 1545/1562/236 1543/1560/236
f 1548/1561/237 1547/1564/237 1545/1562/237
f 1550/1563/238 1549/1565/238 1547/1564/238
f 1388/1398/157 1387/1397/157 1549/1565/239
f 1554/1566/6 1553/2253/6 1551/1567/6
f 1556/1569/3 1555/1627/3 1553/1570/3
f 1558/1572/240 1557/1575/240 1555/1573/6
f 1560/1574/241 1559/1577/241 1557/1575/240
f 1562/1576/242 1561/1579/242 1559/1577/242
f 1564/1578/243 1563/1581/243 1561/1579/243
f 1566/1580/244 1565/1583/244 1563/1581/244
f 1568/1582/245 1567/1585/245 1565/1583/245
f 1570/1584/246 1569/1587/246 1567/1585/246
f 1572/1586/247 1571/1589/247 1569/1587/247
f 1574/1588/248 1573/1591/248 1571/1589/248
f 1576/1590/249 1575/1593/250 1573/1591/250
f 1578/1592/251 1577/1595/251 1575/1593/251
f 1580/1594/252 1579/1597/252 1577/1595/252
f 1582/1596/253 1581/1599/253 1579/1597/253
f 1584/1598/254 1583/1601/254 1581/1599/254
f 1586/1600/255 1585/1603/255 1583/1601/255
f 1588/1602/256 1587/1605/256 1585/1603/256
f 1590/1604/257 1589/1607/257 1587/1605/257
f 1592/1606/258 1591/1609/258 1589/1607/258
f 1594/1608/259 1593/1611/259 1591/1609/259
f 1596/1610/260 1595/1613/260 1593/1611/260
f 1598/1612/261 1597/1615/261 1595/1613/261
f 1600/1614/262 1599/1617/262 1597/1615/263
f 1602/1616/264 1601/1619/264 1599/1617/262
f 1604/1618/265 1603/1621/265 1601/1619/264
f 1606/1620/266 1605/1623/266 1603/1621/265
f 1608/1622/267 1607/1625/267 1605/1623/266
f 1610/1624/6 1609/2254/6 1607/1625/6
f 1612/1626/268 1611/1630/268 1609/1627/269
f 1614/1629/270 1613/1632/270 1611/1630/268
f 1616/1631/271 1615/1634/271 1613/1632/270
f 1618/1633/272 1617/1636/272 1615/1634/271
f 1620/1635/273 1619/1638/273 1617/1636/272
f 1622/1637/274 1621/1640/274 1619/1638/273
f 1624/1639/275 1623/1642/275 1621/1640/274
f 1626/1641/276 1625/1644/276 1623/1642/275
f 1628/1643/277 1627/1646/277 1625/1644/277
f 1630/1645/278 1629/1648/278 1627/1646/278
f 1632/1647/279 1631/1650/279 1629/1648/279
f 1634/1649/280 1633/1652/280 1631/1650/280
f 1636/1651/281 1635/1654/281 1633/1652/281
f 1638/1653/282 1637/1656/282 1635/1654/282
f 1640/1655/283 1639/1658/283 1637/1656/283
f 1642/1657/284 1641/1660/284 1639/1658/284
f 1644/1659/285 1643/1662/286 1641/1660/286
f 1646/1661/287 1645/2255/287 1643/1662/287
f 1648/1663/288 1647/1667/288 1645/1664/288
f 1650/1666/289 1649/1669/289 1647/1667/289
f 1652/1668/290 1651/1671/290 1649/1669/290
f 1654/1670/291 1653/1673/291 1651/1671/291
f 1656/1672/292 1655/1675/292 1653/1673/292
f 1658/1674/293 1657/1677/294 1655/1675/294
f 1660/1676/295 1659/1965/295 1657/1677/295
f 1662/1678/296 1661/2256/296 1659/1679/296
f 1664/1681/297 1663/1685/297 1661/1682/297
f 1666/1684/298 1665/1687/298 1663/1685/298
f 1668/1686/299 1667/1689/299 1665/1687/299
f 1670/1688/300 1669/1691/300 1667/1689/300
f 1672/1690/301 1671/1693/301 1669/1691/301
f 1674/1692/302 1673/1695/302 1671/1693/302
f 1676/1694/303 1675/1697/303 1673/1695/303
f 1678/1696/304 1677/1699/304 1675/1697/304
f 1680/1698/305 1679/1701/305 1677/1699/305
f 1682/1700/306 1681/1703/306 1679/1701/306
f 1684/1702/307 1683/1705/307 1681/1703/307
f 1686/1704/308 1685/1707/308 1683/1705/308
f 1688/1706/309 1687/1709/309 1685/1707/309
f 1690/1708/310 1689/1711/310 1687/1709/310
f 1692/1710/311 1691/1713/311 1689/1711/311
f 1694/1712/312 1693/1715/312 1691/1713/312
f 1696/1714/313 1695/1717/313 1693/1715/313
f 1698/1716/314 1697/1719/314 1695/1717/314
f 1700/1718/315 1699/1721/315 1697/1719/315
f 1702/1720/316 1701/1723/316 1699/1721/316
f 1704/1722/317 1703/1725/317 1701/1723/317
f 1706/1724/318 1705/1727/318 1703/1725/318
f 1708/1726/319 1707/1729/319 1705/1727/319
f 1710/1728/320 1709/1731/320 1707/1729/320
f 1712/1730/321 1711/1733/321 1709/1731/321
f 1714/1732/322 1713/1735/322 1711/1733/322
f 1716/1734/323 1715/1737/323 1713/1735/323
f 1718/1736/324 1717/1739/324 1715/1737/324
f 1720/1738/325 1719/1741/325 1717/1739/325
f 1722/1740/326 1721/1743/326 1719/1741/326
f 1724/1742/327 1723/1745/327 1721/1743/327
f 1726/1744/328 1725/1747/328 1723/1745/328
f 1728/1746/329 1727/1749/329 1725/1747/329
f 1730/1748/330 1729/1751/330 1727/1749/330
f 1732/1750/331 1731/1753/331 1729/1751/331
f 1734/1752/332 1733/1755/332 1731/1753/332
f 1736/1754/333 1735/1757/334 1733/1755/334
f 1738/1756/335 1737/1759/335 1735/1757/335
f 1740/1758/336 1739/1761/336 1737/1759/336
f 1742/1760/337 1741/1763/337 1739/1761/337
f 1744/1762/111 1743/2257/111 1741/1763/111
f 1746/1764/338 1745/1768/338 1743/1765/338
f 1748/1767/339 1747/1770/339 1745/1768/339
f 1750/1769/340 1749/1772/340 1747/1770/340
f 1752/1771/341 1751/1774/341 1749/1772/341
f 1754/1773/342 1753/1776/342 1751/1774/342
f 1756/1775/343 1755/1778/343 1753/1776/343
f 1758/1777/344 1757/1780/344 1755/1778/344
f 1760/1779/345 1759/1782/345 1757/1780/345
f 1762/1781/346 1761/1784/346 1759/1782/346
f 1764/1783/347 1763/1786/347 1761/1784/347
f 1766/1785/348 1765/1788/348 1763/1786/348
f 1768/1787/94 1767/1790/94 1765/1788/94
f 1770/1789/349 1769/1792/349 1767/1790/349
f 1772/1791/350 1771/1794/350 1769/1792/350
f 1774/1793/351 1773/1796/351 1771/1794/351
f 1776/1795/352 1775/1798/352 1773/1796/352
f 1778/1797/353 1777/1800/353 1775/1798/353
f 1780/1799/354 1779/1802/354 1777/1800/355
f 1782/1801/4 1781/2258/4 1779/1802/354
f 1552/1568/5 1551/1567/5 1781/1803/5
f 1786/1805/3 1785/2259/3 1783/1806/3
f 1788/1808/356 1787/1812/356 1785/1809/6
f 1790/1811/357 1789/1814/357 1787/1812/356
f 1792/1813/358 1791/1816/358 1789/1814/357
f 1794/1815/359 1793/1818/359 1791/1816/358
f 1796/1817/360 1795/1820/360 1793/1818/359
f 1798/1819/361 1797/1822/361 1795/1820/360
f 1800/1821/362 1799/1824/362 1797/1822/361
f 1802/1823/363 1801/1826/363 1799/1824/362
f 1804/1825/364 1803/1828/364 1801/1826/363
f 1806/1827/365 1805/1830/365 1803/1828/364
f 1808/1829/366 1807/1832/366 1805/1830/366
f 1810/1831/367 1809/1834/367 1807/1832/367
f 1812/1833/368 1811/1836/368 1809/1834/368
f 1814/1835/369 1813/1838/369 1811/1836/369
f 1816/1837/370 1815/1840/370 1813/1838/370
f 1818/1839/371 1817/1842/371 1815/1840/371
f 1820/1841/372 1819/1844/372 1817/1842/372
f 1822/1843/373 1821/1846/373 1819/1844/373
f 1824/1845/374 1823/1848/374 1821/1846/374
f 1826/1847/375 1825/1850/375 1823/1848/375
f 1828/1849/376 1827/1852/376 1825/1850/376
f 1830/1851/377 1829/1854/377 1827/1852/377
f 1832/1853/378 1831/1856/378 1829/1854/378
f 1834/1855/379 1833/1858/379 1831/1856/379
f 1836/1857/380 1835/1860/380 1833/1858/380
f 1838/1859/381 1837/1862/381 1835/1860/381
f 1840/1861/382 1839/1864/382 1837/1862/382
f 1842/1863/383 1841/1866/383 1839/1864/383
f 1844/1865/384 1843/1868/384 1841/1866/384
f 1846/1867/385 1845/1870/385 1843/1868/385
f 1848/1869/386 1847/1872/386 1845/1870/386
f 1850/1871/387 1849/1874/387 1847/1872/387
f 1852/1873/388 1851/1876/388 1849/1874/388
f 1854/1875/389 1853/1878/389 1851/1876/389
f 1856/1877/390 1855/1880/390 1853/1878/390
f 1858/1879/391 1857/1882/391 1855/1880/391
f 1860/1881/392 1859/1884/392 1857/1882/392
f 1862/1883/393 1861/1886/393 1859/1884/393
f 1864/1885/394 1863/1888/394 1861/1886/394
f 1866/1887/395 1865/1890/395 1863/1888/395
f 1868/1889/396 1867/1892/396 1865/1890/396
f 1870/1891/397 1869/1894/397 1867/1892/397
f 1872/1893/398 1871/1896/398 1869/1894/398
f 1874/1895/399 1873/1898/399 1871/1896/399
f 1876/1897/400 1875/1900/400 1873/1898/400
f 1878/1899/401 1877/1902/401 1875/1900/401
f 1880/1901/402 1879/1904/402 1877/1902/402
f 1882/1903/403 1881/2260/403 1879/1904/403
f 1884/1905/404 1883/1909/404 1881/1906/404
f 1886/1908/405 1885/1911/405 1883/1909/405
f 1888/1910/406 1887/1913/406 1885/1911/406
f 1890/1912/407 1889/1915/407 1887/1913/407
f 1892/1914/408 1891/1917/408 1889/1915/408
f 1894/1916/409 1893/1919/409 1891/1917/409
f 1896/1918/410 1895/1921/410 1893/1919/410
f 1898/1920/411 1897/1923/411 1895/1921/411
f 1900/1922/412 1899/1925/412 1897/1923/412
f 1902/1924/413 1901/1927/413 1899/1925/413
f 1904/1926/414 1903/1929/414 1901/1927/414
f 1906/1928/415 1905/1931/415 1903/1929/415
f 1908/1930/416 1907/1933/416 1905/1931/416
f 1910/1932/417 1909/1935/417 1907/1933/417
f 1912/1934/418 1911/1937/418 1909/1935/418
f 1914/1936/419 1913/1939/419 1911/1937/419
f 1916/1938/420 1915/1941/420 1913/1939/420
f 1918/1940/421 1917/1943/421 1915/1941/422
f 1920/1942/423 1919/1945/423 1917/1943/421
f 1922/1944/424 1921/1947/424 1919/1945/423
f 1924/1946/425 1923/1949/425 1921/1947/424
f 1926/1948/426 1925/1951/426 1923/1949/425
f 1928/1950/427 1927/1953/427 1925/1951/426
f 1930/1952/428 1929/1955/428 1927/1953/427
f 1932/1954/429 1931/1957/429 1929/1955/428
f 1784/1956/4 1783/2261/4 1931/1957/429
f 1936/1958/6 1935/2262/6 1933/1959/6
f 1938/1961/3 1937/2263/3 1935/1962/3
f 1940/1964/6 1939/2264/6 1937/1965/6
f 1942/1967/3 1941/2265/3 1939/1968/3
f 1944/1970/4 1943/2266/4 1941/1971/4
f 1946/1972/5 1945/1976/5 1943/1973/5
f 1948/1975/6 1947/1977/6 1945/1976/6
f 1934/1960/5 1933/1959/5 1947/1977/5
f 1952/1978/3 1951/2267/3 1949/1979/3
f 1954/1981/4 1953/2268/4 1951/1982/4
f 1956/1984/5 1955/2269/5 1953/1985/5
f 1958/1987/4 1957/1991/4 1955/1988/4
f 1960/1990/430 1959/1993/430 1957/1991/430
f 1962/1992/431 1961/1995/431 1959/1993/431
f 1964/1994/432 1963/1997/432 1961/1995/432
f 1966/1996/433 1965/1999/433 1963/1997/433
f 1968/1998/434 1967/2001/434 1965/1999/434
f 1970/2000/435 1969/2003/435 1967/2001/435
f 1972/2002/436 1971/2005/436 1969/2003/436
f 1974/2004/437 1973/2007/437 1971/2005/437
f 1976/2006/438 1975/2009/438 1973/2007/438
f 1978/2008/439 1977/2011/439 1975/2009/439
f 1980/2010/440 1979/2013/440 1977/2011/440
f 1982/2012/441 1981/2015/442 1979/2013/442
f 1984/2014/443 1983/2017/443 1981/2015/443
f 1986/2016/444 1985/2270/444 1983/2017/444
f 1988/2018/445 1987/2022/445 1985/2019/445
f 1990/2021/446 1989/2024/446 1987/2022/446
f 1992/2023/447 1991/2026/447 1989/2024/447
f 1994/2025/448 1993/2028/448 1991/2026/448
f 1996/2027/449 1995/2030/450 1993/2028/450
f 1998/2029/451 1997/2032/451 1995/2030/451
f 2000/2031/452 1999/2034/452 1997/2032/452
f 2002/2033/453 2001/2036/453 1999/2034/453
f 2004/2035/454 2003/2038/454 2001/2036/454
f 2006/2037/455 2005/2040/455 2003/2038/455
f 2008/2039/456 2007/2042/456 2005/2040/456
f 2010/2041/457 2009/2044/457 2007/2042/457
f 2012/2043/458 2011/2046/458 2009/2044/458
f 2014/2045/459 2013/2048/459 2011/2046/459
f 2016/2047/460 2015/2050/460 2013/2048/460
f 2018/2049/461 2017/2052/461 2015/2050/461
f 2020/2051/462 2019/2054/462 2017/2052/462
f 2022/2053/463 2021/2056/463 2019/2054/463
f 2024/2055/464 2023/2058/464 2021/2056/464
f 2026/2057/465 2025/2060/465 2023/2058/465
f 2028/2059/466 2027/2062/466 2025/2060/466
f 2030/2061/467 2029/2064/467 2027/2062/467
f 2032/2063/468 2031/2066/468 2029/2064/468
f 2034/2065/469 2033/2068/469 2031/2066/469
f 2036/2067/470 2035/2070/470 2033/2068/470
f 2038/2069/183 2037/2072/183 2035/2070/183
f 2040/2071/471 2039/2074/471 2037/2072/471
f 2042/2073/472 2041/2076/473 2039/2074/473
f 2044/2075/474 2043/2078/474 2041/2076/474
f 2046/2077/475 2045/2080/476 2043/2078/476
f 2048/2079/477 2047/2082/477 2045/2080/477
f 2050/2081/478 2049/2084/478 2047/2082/478
f 2052/2083/479 2051/2086/480 2049/2084/480
f 2054/2085/481 2053/2088/482 2051/2086/482
f 2056/2087/483 2055/2090/483 2053/2088/483
f 2058/2089/484 2057/2092/484 2055/2090/484
f 2060/2091/485 2059/2094/485 2057/2092/485
f 2062/2093/486 2061/2096/486 2059/2094/486
f 2064/2095/487 2063/2098/488 2061/2096/488
f 2066/2097/489 2065/2100/489 2063/2098/489
f 2068/2099/490 2067/2102/490 2065/2100/490
f 2070/2101/491 2069/2104/491 2067/2102/491
f 2072/2103/492 2071/2106/492 2069/2104/492
f 2074/2105/493 2073/2108/493 2071/2106/493
f 2076/2107/494 2075/2110/494 2073/2108/494
f 2078/2109/495 2077/2112/495 2075/2110/496
f 1950/2111/6 1949/2271/6 2077/2112/495
f 2082/2113/5 2081/2272/5 2079/2114/5
f 2084/2116/497 2083/2120/497 2081/2117/4
f 2086/2119/498 2085/2122/498 2083/2120/497
f 2088/2121/499 2087/2124/499 2085/2122/498
f 2090/2123/500 2089/2126/500 2087/2124/499
f 2092/2125/501 2091/2128/501 2089/2126/500
f 2094/2127/502 2093/2130/502 2091/2128/501
f 2096/2129/503 2095/2132/503 2093/2130/503
f 2098/2131/504 2097/2134/504 2095/2132/504
f 2100/2133/505 2099/2136/505 2097/2134/505
f 2102/2135/506 2101/2138/506 2099/2136/506
f 2104/2137/507 2103/2140/507 2101/2138/507
f 2106/2139/508 2105/2142/509 2103/2140/509
f 2108/2141/510 2107/2144/510 2105/2142/510
f 2110/2143/511 2109/2146/511 2107/2144/511
f 2112/2145/512 2111/2148/512 2109/2146/512
f 2114/2147/513 2113/2150/513 2111/2148/513
f 2116/2149/514 2115/2152/514 2113/2150/514
f 2118/2151/515 2117/2154/515 2115/2152/515
f 2120/2153/516 2119/2156/516 2117/2154/516
f 2122/2155/517 2121/2157/517 2119/2156/517
f 2124/1170/518 2123/1169/518 2121/2157/518
f 2126/2158/519 2125/2162/519 2123/2159/519
f 2128/2161/520 2127/2164/521 2125/2162/521
f 2130/2163/522 2129/2166/522 2127/2164/522
f 2132/2165/523 2131/2168/523 2129/2166/523
f 2134/2167/524 2133/2170/525 2131/2168/525
f 2136/2169/526 2135/2172/527 2133/2170/527
f 2138/2171/528 2137/2174/529 2135/2172/529
f 2140/2173/530 2139/2176/530 2137/2174/530
f 2142/2175/531 2141/2178/531 2139/2176/531
f 2144/2177/532 2143/2180/533 2141/2178/533
f 2146/2179/534 2145/2182/535 2143/2180/535
f 2148/2181/536 2147/2184/536 2145/2182/536
f 2150/2183/537 2149/2186/537 2147/2184/537
f 2152/2185/538 2151/2188/538 2149/2186/538
f 2154/2187/539 2153/2190/539 2151/2188/539
f 2156/2189/540 2155/2192/540 2153/2190/540
f 2158/2191/541 2157/2194/541 2155/2192/541
f 2160/2193/542 2159/2196/542 2157/2194/542
f 2162/2195/543 2161/2198/543 2159/2196/543
f 2164/2197/544 2163/2200/544 2161/2198/544
f 2166/2199/545 2165/2202/545 2163/2200/545
f 2168/2201/546 2167/2204/546 2165/2202/546
f 2170/2203/547 2169/2206/547 2167/2204/547
f 2172/2205/548 2171/2208/548 2169/2206/548
f 2174/2207/549 2173/2210/549 2171/2208/549
f 2176/2209/550 2175/2212/550 2173/2210/550
f 2178/2211/551 2177/2214/551 2175/2212/551
f 2180/2213/552 2179/2216/552 2177/2214/552
f 2182/2215/553 2181/2218/553 2179/2216/553
f 2184/2217/554 2183/2220/555 2181/2218/555
f 2186/2219/556 2185/2222/556 2183/2220/556
f 2188/2221/557 2187/2224/558 2185/2222/558
f 2190/2223/559 2189/2226/559 2187/2224/559
f 2192/2225/560 2191/2228/560 2189/2226/560
f 2194/2227/561 2193/2230/561 2191/2228/561
f 2196/2229/562 2195/2232/562 2193/2230/562
f 2198/2231/563 2197/2234/563 2195/2232/563
f 2200/2233/564 2199/2236/564 2197/2234/564
f 2202/2235/565 2201/2238/565 2199/2236/565
f 2204/2237/566 2203/2239/566 2201/2238/567
f 2080/2115/6 2079/2114/6 2203/2239/566
